#SampleID,date,dpf,Microscope/ Camera/Objective/ Calibration,sample_type,plate,current_antibiotic_dose,well_Id,egg_sack_id,water_type,n_nematostella_in_well,total_motile,total_with_tentacle,total_unhealthy,unhealthy_nematostella_notes,photo_filename,average_length,stdev_length,FISH_sample_id,16S_sample_id,flikr link,remaining_nematostella
NV_FL_G1_R_111617_A2_E2,11/16/17,52.00,NikonSMZ1500/DSRi1/ 1X by 1Xzoom ratio/0.5cm=5000um,measurement in um,Rescue,None,A2,E2,1.5ml autoclaved ASW+500ul ASW from corresponding control well ID (well to well ID match),1,0,0,1,fragmented pieces,NV_FL_G1_R_111617_A2_E2.png,93.5,132.2289681,None,None,Unknown,
NV_FL_G1_R_020118_B4_E2,2/5/18,130.00,NikonSMZ1500/DSRi1/ 1X by 1Xzoom ratio/0.5cm=5000um,measurement in um,Gentamycin_Rescue,None,B4,E2,autoclaved ASW,1,0,0,1,,NV_FL_G1_R_020118_B4_E2.png,128.3,181.4436001,None,None,Unknown,1
NV_FL_G1_C_111617_C4_E6,11/16/17,52.00,NikonSMZ1500/DSRi1/ 1X by 1Xzoom ratio/0.5cm=5000um,measurement in um,Control,None,C4,E6,autoclaved ASW (minus 500ul) +500ul fresh Autoclaved ASW,1,0,0,1,,NV_FL_G1_C_111617_C4_E6.png,131.4,None,None,None,Unknown,1
NV_FL_G1_C_112917_B4_E2,11/29/17,68.00,NikonSMZ1500/DSRi1/ 1X by 1Xzoom ratio/0.5cm=5000um,measurement in um,Control,None,B4,E2,autoclaved ASW (minus 500ul) +500ul fresh Autoclaved ASW,1,0,1,0,,NV_FL_G1_C_112917_B4_E2.png,135.5,None,None,None,Unknown,1
NV_FL_G1_R_020818_A3_E3,2/8/18,138.00,NikonSMZ1500/DSRi1/ 1X by 1Xzoom ratio/0.5cm=5000um,measurement in um,Gentamycin_Rescue,None,A3,E3,autoclaved ASW,1,0,0,1,,NV_FL_G1_R_020818_A3_E3.png,137.85,194.9493396,None,None,Unknown,1
NV_FL_G1_C_112117_B4_E2,11/21/17,59.00,NikonSMZ1500/DSRi1/ 1X by 1Xzoom ratio/0.5cm=5000um,measurement in um,Control,None,B4,E2,autoclaved ASW (minus 500ul) +500ul fresh Autoclaved ASW,1,1,0,1,"motile, small and primitive",NV_FL_G1_C_112117_B4_E2.png,138.9,#DIV/0!,None,None,Unknown,1
NV_FL_G1_R_020818_B2_E6,2/8/18,138.00,NikonSMZ1500/DSRi1/ 1X by 1Xzoom ratio/0.5cm=5000um,measurement in um,Gentamycin_Rescue,None,B2,E6,autoclaved ASW,1,0,1,0,,NV_FL_G1_R_020818_B2_E6.png,143.4333333,248.4338208,None,None,Unknown,
NV_FL_G1_G_112117_A2_E2,11/21/17,59.00,NikonSMZ1500/DSRi1/ 1X by 1Xzoom ratio/0.5cm=5000um,measurement in um,Gentamycin,None,A2,E2,autoclaved ASW,1,1,0,1,Looks like some regeneration is taking place in this well,NV_FL_G1_G_112117_A2_E2.png,143.7,None,None,None,Unknown,1
NV_FL_G1_G_111617_A2_E2,11/16/17,52.00,NikonSMZ1500/DSRi1/ 1X by 1Xzoom ratio/0.5cm=5000um,measurement in um,Gentamycin,None,A2,E2,autoclaved ASW,1,0,0,1,,NV_FL_G1_G_111617_A2_E2.png,144.7,None,None,None,Unknown,1
NV_FL_G1_G_112917_A2_E2,11/29/17,68.00,NikonSMZ1500/DSRi1/ 1X by 1Xzoom ratio/0.5cm=5000um,measurement in um,Gentamycin,None,A2,E2,autoclaved ASW,1,0,1,0,,NV_FL_G1_G_112917_A2_E2.png,151.8,None,None,None,Unknown,1
NV_FL_G1_C_92917_B4_E2,9/29/17,8.00,NikonSMZ1500/DSRi1/ 1X by 1Xzoom ratio/0.5cm=5000um,measurement in um,Control,None,B4,E2,autoclaved ASW,7,1,0,4,Many broken and fragmented tissue pieces. Many visible microbes,NV_FL_G1_C_92917_B4_E2.png,163.4857143,41.57941913,None,93017_C_B4_E2,Unknown,6
NV_FL_G1_C_111617_B4_E2,11/16/17,52.00,NikonSMZ1500/DSRi1/ 1X by 1Xzoom ratio/0.5cm=5000um,measurement in um,Control,None,B4,E2,autoclaved ASW (minus 500ul) +500ul fresh Autoclaved ASW,1,0,0,0,,NV_FL_G1_C_111617_B4_E2.png,165.4,None,None,None,Unknown,1
NV_FL_G1_C_011318_B1_E5,1/13/18,112.00,NikonSMZ1500/DSRi1/ 1X by 1Xzoom ratio/0.5cm=5000um,measurement in um,Control,None,B1,E5,autoclaved ASW,2,0,0,2,"Fragmented tissue, seems like regenrating Nematostella",NV_FL_G1_C_011318_B1_E5.png,168.4,25.88010819,None,None,Unknown,2
NV_FL_G1_C_021918_B1_E5,2/19/18,149.00,NikonSMZ1500/DSRi1/ 1X by 1Xzoom ratio/0.5cm=5000um,measurement in um,Control,None,B1,E5,autoclaved ASW,2,1,0,2,Another feeding attempted prior to reading.No favorable outcome.,NV_FL_G1_C_021918_B1_E5.png,168.6,33.37544007,None,None,Unknown,2
NV_FL_G1_R_111617_A1_E1,11/16/17,52.00,NikonSMZ1500/DSRi1/ 1X by 1Xzoom ratio/0.5cm=5000um,measurement in um,Rescue,None,A1,E1,1.5ml autoclaved ASW+500ul ASW from corresponding control well ID (well to well ID match from Control plate),3,1,0,2,"very strange shapes, check image. ",NV_FL_G1_R_111617_A1_E1.png,175.2666667,105.164934,None,None,Unknown,3
NV_FL_G1_G_101317_A2_E2,10/13/17,21.00,NikonSMZ1500/DSRi1/ 1X by 1Xzoom ratio/0.5cm=5000um,measurement in um,Gentamycin,50ug/ml,A2,E2,autoclaved ASW,2,0,1,1,"0 tentacles, round and premature",NV_FL_G1_G_101317_A2_E2.png,176.5,20.78893937,101317_G_A2_E2,None,Unknown,1
NV_FL_G1_C_92517_B4_E2,9/25/17,4.00,NikonSMZ1500/DSRi1/ 1X by 1Xzoom ratio/0.5cm=5000um,measurement in um,Control,None,B4,E2,autoclaved ASW,8,0,0,2,(several fragments),NV_FL_G1_C_92517_B4_E2.png,177.95,47.52614318,None,92617_C_B4_E2,Unknown,7
NV_FL_G1_R_92517_B4_E2,9/25/17,4.00,NikonSMZ1500/DSRi1/ 1X by 1Xzoom ratio/0.5cm=5000um,measurement in um,Gentamycin_Rescue,50ug/ml,B4,E2,autoclaved ASW,8,1,0,0,None,NV_FL_G1_R_92517_B4_E2.png,180.6625,45.41050657,None,92617_R_B4_E2,Unknown,7
NV_FL_G1_R_020118_B2_E6,2/1/18,130.00,NikonSMZ1500/DSRi1/ 1X by 1Xzoom ratio/0.5cm=5000um,measurement in um,Gentamycin_Rescue,None,B2,E6,autoclaved ASW,1,0,1,0,,NV_FL_G1_R_020118_B2_E6.png,187.2333333,324.2976462,None,None,Unknown,
NV_FL_G1_C_020118_B1_E5,2/1/18,130.00,NikonSMZ1500/DSRi1/ 1X by 1Xzoom ratio/0.5cm=5000um,measurement in um,Control,None,B1,E5,autoclaved ASW,2,1,0,2,,NV_FL_G1_C_020118_B1_E5.png,190.55,24.25376259,None,None,Unknown,2
NV_FL_G1_R_92517_C4_E6,9/25/17,4.00,NikonSMZ1500/DSRi1/ 1X by 1Xzoom ratio/0.5cm=5000um,measurement in um,Gentamycin_Rescue,50ug/ml,C4,E6,autoclaved ASW,8,0,0,3,(few fragmented but may be viable),NV_FL_G1_R_92517_C4_E6.png,193.775,39.576066,None,92617_R_C4_E6,Unknown,7
NV_FL_G1_G_92517_B4_E2,9/25/17,4.00,NikonSMZ1500/DSRi1/ 1X by 1Xzoom ratio/0.5cm=5000um,measurement in um,Gentamycin,50ug/ml,B4,E2,autoclaved ASW,8,1,0,3,None,NV_FL_G1_G_92517_B4_E2.png,194.15,44.36578476,None,92617_G_B4_E2,Unknown,7
NV_FL_G1_C_100917_B4_E2,10/9/17,17.00,NikonSMZ1500/DSRi1/ 1X by 1Xzoom ratio/0.5cm=5000um,measurement in um,Control,None,B4,E2,autoclaved ASW,3,0,2,0,Only 3 visible,NV_FL_G1_C_100917_B4_E2.png,194.9,30.08604328,None,100917_C_B4_E2,Unknown,2
NV_FL_G1_R_112117_C1_E3,11/21/17,59.00,NikonSMZ1500/DSRi1/ 1X by 1Xzoom ratio/0.5cm=5000um,measurement in um,Gentamycin_Rescue,None,C1,E3,1.5ml autoclaved ASW+500ul ASW from corresponding control well ID (well to well ID match),1,0,0,1,Looks like viable tissue,NV_FL_G1_R_112117_C1_E3.png,197.9,#DIV/0!,None,None,Unknown,1
NV_FL_G1_G_92517_C3_E5,9/25/17,4.00,NikonSMZ1500/DSRi1/ 1X by 1Xzoom ratio/0.5cm=5000um,measurement in um,Gentamycin,50ug/ml,C3,E5,autoclaved ASW,8,2,0,3,None,NV_FL_G1_G_92517_C3_E5.png,200.6625,66.04933086,None,92617_G_C3_E5,Unknown,7
NV_FL_G1_R_112917_C1_E3,11/29/17,68.00,NikonSMZ1500/DSRi1/ 1X by 1Xzoom ratio/0.5cm=5000um,measurement in um,Gentamycin_Rescue,None,C1,E3,1.5ml autoclaved ASW+500ul ASW from corresponding control well ID (well to well ID match),1,0,0,1,,NV_FL_G1_R_112917_C1_E3.png,201.1,#DIV/0!,None,None,Unknown,1
NV_FL_G1_C_92517_C4_E6,9/25/17,4.00,NikonSMZ1500/DSRi1/ 1X by 1Xzoom ratio/0.5cm=5000um,measurement in um,Control,None,C4,E6,autoclaved ASW,8,3,0,2,None,NV_FL_G1_C_92517_C4_E6.png,202.825,30.48281717,None,92617_C_C4_E6,Unknown,7
NV_FL_G1_G_101317_C1_E3,10/13/17,21.00,NikonSMZ1500/DSRi1/ 1X by 1Xzoom ratio/0.5cm=5000um,measurement in um,Gentamycin,50ug/ml,C1,E3,autoclaved ASW,1,0,0,0,only1,NV_FL_G1_G_101317_C1_E3.png,203.6,#DIV/0!,None,101317_G_C1_E3,Unknown,0
NV_FL_G1_C_92517_B2_E6,9/25/17,4.00,NikonSMZ1500/DSRi1/ 1X by 1Xzoom ratio/0.5cm=5000um,measurement in um,Control,None,B2,E6,autoclaved ASW,8,1,0,0,None,NV_FL_G1_C_92517_B2_E6.png,204.8125,30.35958015,None,92617_C_B2_E6,Unknown,7
NV_FL_G1_R_021918_B4_E2,2/19/18,149.00,NikonSMZ1500/DSRi1/ 1X by 1Xzoom ratio/0.5cm=5000um,measurement in um,Gentamycin_Rescue,None,B4,E2,autoclaved ASW,1,0,0,1,Another feeding attempted prior to reading.No favorable outcome.,NV_FL_G1_R_021918_B4_E2.png,205.4,None,None,None,Unknown,1
NV_FL_G1_R_021918_B2_E6,2/19/18,149.00,NikonSMZ1500/DSRi1/ 1X by 1Xzoom ratio/0.5cm=5000um,measurement in um,Gentamycin_Rescue,None,B2,E6,autoclaved ASW,1,0,1,0,Another feeding attempted prior to reading.No favorable outcome.,NV_FL_G1_R_021918_B2_E6.png,205.7,290.9037298,None,None,Unknown,
NV_FL_G1_G_020818_C3_E5,2/8/18,138.00,NikonSMZ1500/DSRi1/ 1X by 1Xzoom ratio/0.5cm=5000um,measurement in um,Gentamycin,None,C3,E5,autoclaved ASW,2,1,0,1,,NV_FL_G1_G_020818_C3_E5.png,208,19.94041123,None,None,Unknown,2
NV_FL_G1_R_92917_A4_E4,9/29/17,8.00,NikonSMZ1500/DSRi1/ 1X by 1Xzoom ratio/0.5cm=5000um,measurement in um,Gentamycin_Rescue,50ug/ml,A4,E4,autoclaved ASW,6,1,0,2,"many fragments visible, microbes present",NV_FL_G1_R_92917_A4_E4.png,209.65,70.19962251,None,93017_R_A4_E4,Unknown,5
NV_FL_G1_G_100317_C2_E4,10/3/17,12.00,NikonSMZ1500/DSRi1/ 1X by 1Xzoom ratio/0.5cm=5000um,measurement in um,Gentamycin,50ug/ml,C2,E4,autoclaved ASW,5,0,0,0,Only 5 visible,NV_FL_G1_G_100317_C2_E4.png,212,38.17924829,None,100317_G_C2_E4,Unknown,4
NV_FL_G1_C_92517_C3_E5,9/25/17,4.00,NikonSMZ1500/DSRi1/ 1X by 1Xzoom ratio/0.5cm=5000um,measurement in um,Control,None,C3,E5,autoclaved ASW,8,3,0,2,None,NV_FL_G1_C_92517_C3_E5.png,212.05,25.10731254,None,92617_C_C3_E5,Unknown,7
NV_FL_G1_C_92517_B1_E5,9/25/17,4.00,NikonSMZ1500/DSRi1/ 1X by 1Xzoom ratio/0.5cm=5000um,measurement in um,Control,None,B1,E5,autoclaved ASW,8,2,0,0,None,NV_FL_G1_C_92517_B1_E5.png,212.1375,27.48329038,None,92617_C_B1_E5,Unknown,7
NV_FL_G1_R_92517_C1_E3,9/25/17,4.00,NikonSMZ1500/DSRi1/ 1X by 1Xzoom ratio/0.5cm=5000um,measurement in um,Gentamycin_Rescue,50ug/ml,C1,E3,autoclaved ASW,8,1,0,3,None,NV_FL_G1_R_92517_C1_E3.png,213.775,43.28053835,None,92617_R_C1_E3,Unknown,7
NV_FL_G1_C_92917_A1_E1,9/29/17,8.00,NikonSMZ1500/DSRi1/ 1X by 1Xzoom ratio/0.5cm=5000um,measurement in um,Control,None,A1,E1,autoclaved ASW,7,2,0,0,None,NV_FL_G1_C_92917_A1_E1.png,214.7714286,27.27744577,93017_C_A1_E1,None,Unknown,6
NV_FL_G1_C_100317_B4_E2,10/3/17,12.00,NikonSMZ1500/DSRi1/ 1X by 1Xzoom ratio/0.5cm=5000um,measurement in um,Control,None,B4,E2,autoclaved ASW,3,0,0,0,"Only 3 visible,many fragments",NV_FL_G1_C_100317_B4_E2.png,216.2666667,11.90392092,None,100317_C_B4_E2,Unknown,2
NV_FL_G1_C_92917_C1_E3,9/29/17,8.00,NikonSMZ1500/DSRi1/ 1X by 1Xzoom ratio/0.5cm=5000um,measurement in um,Control,None,C1,E3,autoclaved ASW,7,4,0,1,few fragments. few microbes,NV_FL_G1_C_92917_C1_E3.png,216.3285714,25.13481744,None,93017_C_C1_E5,Unknown,6
NV_FL_G1_R_92517_B3_E1,9/25/17,4.00,NikonSMZ1500/DSRi1/ 1X by 1Xzoom ratio/0.5cm=5000um,measurement in um,Gentamycin_Rescue,50ug/ml,B3,E1,autoclaved ASW,8,1,0,1,None,NV_FL_G1_R_92517_B3_E1.png,216.4125,40.91899445,None,92617_R_B3_E1,Unknown,7
NV_FL_G1_C_020818_B1_E5,2/8/18,138.00,NikonSMZ1500/DSRi1/ 1X by 1Xzoom ratio/0.5cm=5000um,measurement in um,Control,None,B1,E5,autoclaved ASW,2,0,0,2,,NV_FL_G1_C_020818_B1_E5.png,216.45,2.899137803,None,None,Unknown,2
NV_FL_G1_R_111617_C1_E3,11/16/17,52.00,NikonSMZ1500/DSRi1/ 1X by 1Xzoom ratio/0.5cm=5000um,measurement in um,Rescue,None,C1,E3,1.5ml autoclaved ASW+500ul ASW from corresponding control well ID (well to well ID match),1,0,1,0,no fragmented pieces,NV_FL_G1_R_111617_C1_E3.png,217,None,None,None,Unknown,1
NV_FL_G1_G_92517_B2_E6,9/25/17,4.00,NikonSMZ1500/DSRi1/ 1X by 1Xzoom ratio/0.5cm=5000um,measurement in um,Gentamycin,50ug/ml,B2,E6,autoclaved ASW,8,2,0,0,None,NV_FL_G1_G_92517_B2_E6.png,217.175,23.57915241,None,92617_G_B2_E6,Unknown,7
NV_FL_G1_R_92517_B1_E5,9/25/17,4.00,NikonSMZ1500/DSRi1/ 1X by 1Xzoom ratio/0.5cm=5000um,measurement in um,Gentamycin_Rescue,50ug/ml,B1,E5,autoclaved ASW,8,1,0,2,None,NV_FL_G1_R_92517_B1_E5.png,218.2125,40.02161693,None,92617_R_B1_E5,Unknown,7
NV_FL_G1_G_92917_A4_E4,9/29/17,8.00,NikonSMZ1500/DSRi1/ 1X by 1Xzoom ratio/0.5cm=5000um,measurement in um,Gentamycin,50ug/ml,A4,E4,autoclaved ASW,6,2,0,1,few fragments. few microbes,NV_FL_G1_G_92917_A4_E4.png,218.5,54.12023651,None,93017_G_A4_E4,Unknown,5
NV_FL_G1_R_92517_A1_E1,9/25/17,4.00,NikonSMZ1500/DSRi1/ 1X by 1Xzoom ratio/0.5cm=5000um,measurement in um,Gentamycin_Rescue,50ug/ml,A1,E1,autoclaved ASW,8,1,0,1,None,NV_FL_G1_R_92517_A1_E1.png,218.8125,28.75241294,92617_R_A1_E1,None,Unknown,7
NV_FL_G1_C_92917_B3_E1,9/29/17,8.00,NikonSMZ1500/DSRi1/ 1X by 1Xzoom ratio/0.5cm=5000um,measurement in um,Control,None,B3,E1,autoclaved ASW,7,3,0,2,very few fragmented pieces. Many visible microbes,NV_FL_G1_C_92917_B3_E1.png,219.2714286,54.39940914,None,93017_C_B3_E1,Unknown,6
NV_FL_G1_R_92517_C2_E4,9/25/17,4.00,NikonSMZ1500/DSRi1/ 1X by 1Xzoom ratio/0.5cm=5000um,measurement in um,Gentamycin_Rescue,50ug/ml,C2,E4,autoclaved ASW,7,1,0,0,None,NV_FL_G1_R_92517_C2_E4.png,219.5714286,27.56953115,None,92617_R_C2_E4,Unknown,6
NV_FL_G1_G_92517_A1_E1,9/25/17,4.00,NikonSMZ1500/DSRi1/ 1X by 1Xzoom ratio/0.5cm=5000um,measurement in um,Gentamycin,50ug/ml,A1,E1,autoclaved ASW,8,1,0,1,None,NV_FL_G1_G_92517_A1_E1.png,219.875,30.12174108,92617_G_A1_E1,None,Unknown,7
NV_FL_G1_G_92517_C4_E6,9/25/17,4.00,NikonSMZ1500/DSRi1/ 1X by 1Xzoom ratio/0.5cm=5000um,measurement in um,Gentamycin,50ug/ml,C4,E6,autoclaved ASW,8,1,0,0,None,NV_FL_G1_G_92517_C4_E6.png,219.9,31.55480493,None,92617_G_C4_E6,Unknown,7
NV_FL_G1_G_92917_B2_E6,9/29/17,8.00,NikonSMZ1500/DSRi1/ 1X by 1Xzoom ratio/0.5cm=5000um,measurement in um,Gentamycin,50ug/ml,B2,E6,autoclaved ASW,7,2,0,1,few fragments. few microbes,NV_FL_G1_G_92917_B2_E6.png,220.9428571,26.05448504,None,93017_G_B2_E6,Unknown,6
NV_FL_G1_C_92517_A3_E3,9/25/17,4.00,NikonSMZ1500/DSRi1/ 1X by 1Xzoom ratio/0.5cm=5000um,measurement in um,Control,None,A3,E3,autoclaved ASW,8,2,0,2,None,NV_FL_G1_C_92517_A3_E3.png,221.05,24.63441263,92617_C_A3_E3,None,Unknown,7
NV_FL_G1_R_028118_B4_E2,2/8/18,138.00,NikonSMZ1500/DSRi1/ 1X by 1Xzoom ratio/0.5cm=5000um,measurement in um,Gentamycin_Rescue,None,B4,E2,autoclaved ASW,1,0,0,1,,NV_FL_G1_R_020818_B4_E2.png,221.3,None,None,None,Unknown,1
NV_FL_G1_G_92917_B4_E2,9/29/17,8.00,NikonSMZ1500/DSRi1/ 1X by 1Xzoom ratio/0.5cm=5000um,measurement in um,Gentamycin,50ug/ml,B4,E2,autoclaved ASW,7,2,0,1,few fragments. few microbes,NV_FL_G1_G_92917_B4_E2.png,223.2428571,59.0957939,None,93017_G_B4_E2,Unknown,6
NV_FL_G1_R_112117_A2_E2,11/21/17,59.00,NikonSMZ1500/DSRi1/ 1X by 1Xzoom ratio/0.5cm=5000um,measurement in um,Gentamycin_Rescue,None,A2,E2,1.5ml autoclaved ASW+500ul ASW from corresponding control well ID (well to well ID match),1,0,0,1,Looks viable,NV_FL_G1_R_112117_A2_E2.png,224.1,#DIV/0!,None,None,Unknown,1
NV_FL_G1_G_92917_C1_E3,9/29/17,8.00,NikonSMZ1500/DSRi1/ 1X by 1Xzoom ratio/0.5cm=5000um,measurement in um,Gentamycin,50ug/ml,C1,E3,autoclaved ASW,7,1,0,1,Many broken and fragmented tissue pieces. Many visible microbes,NV_FL_G1_G_92917_C1_E3.png,224.2857143,32.84404708,None,93017_G_C1_E5,Unknown,6
NV_FL_G1_C_92517_A4_E4,9/25/17,4.00,NikonSMZ1500/DSRi1/ 1X by 1Xzoom ratio/0.5cm=5000um,measurement in um,Control,None,A4,E4,autoclaved ASW,8,0,0,1,None,NV_FL_G1_C_92517_A4_E4.png,225.2625,17.04003165,None,92617_C_A4_E4,Unknown,7
NV_FL_G1_C_92517_B3_E1,9/25/17,4.00,NikonSMZ1500/DSRi1/ 1X by 1Xzoom ratio/0.5cm=5000um,measurement in um,Control,None,B3,E1,autoclaved ASW,7,2,0,2,None,NV_FL_G1_C_92517_B3_E1.png,225.3285714,16.31713969,None,92617_C_B3_E1,Unknown,6
NV_FL_G1_R_92517_A4_E4,9/25/17,4.00,NikonSMZ1500/DSRi1/ 1X by 1Xzoom ratio/0.5cm=5000um,measurement in um,Gentamycin_Rescue,50ug/ml,A4,E4,autoclaved ASW,7,2,0,3,( many microbes),NV_FL_G1_R_92517_A4_E4.png,225.6714286,26.10119501,None,92617_R_A4_E4,Unknown,6
NV_FL_G1_C_92517_A1_E1,9/25/17,4.00,NikonSMZ1500/DSRi1/ 1X by 1Xzoom ratio/0.5cm=5000um,measurement in um,Control,None,A1,E1,autoclaved ASW,8,2,0,1,None,NV_FL_G1_C_92517_A1_E1.png,225.8875,17.53033595,92617_C_A1_E1,None,Nematostella Rescue,7
NV_FL_G1_C_92517_A2_E2,9/25/17,4.00,NikonSMZ1500/DSRi1/ 1X by 1Xzoom ratio/0.5cm=5000um,measurement in um,Control,None,A2,E2,autoclaved ASW,8,1,0,1,None,NV_FL_G1_C_92517_A2_E2.png,226.2375,29.64903937,92617_C_A2_E2,None,Unknown,7
NV_FL_G1_C_92517_C2_E4,9/25/17,4.00,NikonSMZ1500/DSRi1/ 1X by 1Xzoom ratio/0.5cm=5000um,measurement in um,Control,None,C2,E4,autoclaved ASW,8,1,0,2,None,NV_FL_G1_C_92517_C2_E4.png,226.3,16.23127493,None,92617_C_C2_E4,Unknown,7
NV_FL_G1_C_92517_C1_E3,9/25/17,4.00,NikonSMZ1500/DSRi1/ 1X by 1Xzoom ratio/0.5cm=5000um,measurement in um,Control,None,C1,E3,autoclaved ASW,8,1,0,1,None,NV_FL_G1_C_92517_C1_E3.png,226.6125,19.54967574,None,92617_C_C1_E3,Unknown,7
NV_FL_G1_G_92917_B3_E1,9/29/17,8.00,NikonSMZ1500/DSRi1/ 1X by 1Xzoom ratio/0.5cm=5000um,measurement in um,Gentamycin,50ug/ml,B3,E1,autoclaved ASW,6,2,0,1,few fragments. few microbes,NV_FL_G1_G_92917_B3_E1.png,227.0666667,24.75275069,None,93017_G_B3_E1,Unknown,5
NV_FL_G1_G_92517_A3_E3,9/25/17,4.00,NikonSMZ1500/DSRi1/ 1X by 1Xzoom ratio/0.5cm=5000um,measurement in um,Gentamycin,50ug/ml,A3,E3,autoclaved ASW,8,1,0,3,None,NV_FL_G1_G_92517_A3_E3.png,227.325,32.95840452,92617_G_A3_E3,None,Unknown,7
NV_FL_G1_C_020818_A3_E3,2/8/18,138.00,NikonSMZ1500/DSRi1/ 1X by 1Xzoom ratio/0.5cm=5000um,measurement in um,Control,None,A3,E3,autoclaved ASW,1,0,0,1,,NV_FL_G1_C_020818_A3_E3.png,227.5,None,None,None,Unknown,1
NV_FL_G1_G_92917_A2_E2,9/29/17,8.00,NikonSMZ1500/DSRi1/ 1X by 1Xzoom ratio/0.5cm=5000um,measurement in um,Gentamycin,50ug/ml,A2,E2,autoclaved ASW,7,2,0,1,few fragments. few microbes,NV_FL_G1_G_92917_A2_E2.png,228.4714286,31.06979853,93017_G_A2_E2,None,Unknown,6
NV_FL_G1_R_92517_A2_E2,9/25/17,4.00,NikonSMZ1500/DSRi1/ 1X by 1Xzoom ratio/0.5cm=5000um,measurement in um,Gentamycin_Rescue,50ug/ml,A2,E2,autoclaved ASW,8,2,0,3,None,NV_FL_G1_R_92517_A2_E2.png,228.525,26.58069923,92617_R_A2_E2,None,Unknown,7
NV_FL_G1_R_112917_A2_E2,11/29/17,68.00,NikonSMZ1500/DSRi1/ 1X by 1Xzoom ratio/0.5cm=5000um,measurement in um,Gentamycin_Rescue,None,A2,E2,1.5ml autoclaved ASW+500ul ASW from corresponding control well ID (well to well ID match),1,0,0,1,,NV_FL_G1_R_112917_A2_E2.png,229.7,#DIV/0!,None,None,Unknown,1
NV_FL_G1_C_020118_A3_E3,2/1/18,130.00,NikonSMZ1500/DSRi1/ 1X by 1Xzoom ratio/0.5cm=5000um,measurement in um,Control,None,A3,E3,autoclaved ASW,1,0,0,1,,NV_FL_G1_C_020118_A3_E3.png,229.7,None,None,None,Unknown,1
NV_FL_G1_G_92517_C1_E3,9/25/17,4.00,NikonSMZ1500/DSRi1/ 1X by 1Xzoom ratio/0.5cm=5000um,measurement in um,Gentamycin,50ug/ml,C1,E3,autoclaved ASW,8,0,0,0,None,NV_FL_G1_G_92517_C1_E3.png,229.9875,18.06381051,None,92617_G_C1_E3,Unknown,7
NV_FL_G1_R_92517_B2_E6,9/25/17,4.00,NikonSMZ1500/DSRi1/ 1X by 1Xzoom ratio/0.5cm=5000um,measurement in um,Gentamycin_Rescue,50ug/ml,B2,E6,autoclaved ASW,8,1,0,1,None,NV_FL_G1_R_92517_B2_E6.png,230.025,41.06920118,None,92617_R_B2_E6,Unknown,7
NV_FL_G1_G_92517_B3_E1,9/25/17,4.00,NikonSMZ1500/DSRi1/ 1X by 1Xzoom ratio/0.5cm=5000um,measurement in um,Gentamycin,50ug/ml,B3,E1,autoclaved ASW,8,2,0,0,None,NV_FL_G1_G_92517_B3_E1.png,230.6,40.34561403,None,92617_G_B3_E1,Unknown,7
NV_FL_G1_C_101317_B4_E2,10/13/17,21.00,NikonSMZ1500/DSRi1/ 1X by 1Xzoom ratio/0.5cm=5000um,measurement in um,Control,None,B4,E2,autoclaved ASW,3,0,3,2,1 is round but non motile and one is very small but with 4 tentacles,NV_FL_G1_C_101317_B4_E2.png,230.8333333,54.87661919,None,101317_C_B4_E2,Unknown,2
NV_FL_G1_G_100917_B4_E2,10/9/17,17.00,NikonSMZ1500/DSRi1/ 1X by 1Xzoom ratio/0.5cm=5000um,measurement in um,Gentamycin,50ug/ml,B4,E2,autoclaved ASW,3,0,1,0,Only 3 visible,NV_FL_G1_G_100917_B4_E2.png,230.9666667,160.727886,None,100917_G_B4_E2,Unknown,2
NV_FL_G1_R_011318_C4_E6,1/13/18,112.00,NikonSMZ1500/DSRi1/ 1X by 1Xzoom ratio/0.5cm=5000um,measurement in um,Gentamycin_Rescue,None,C4,E6,autoclaved ASW,1,1,0,1,Reading after several attempts to feed and retrieve Nematostella,NV_FL_G1_R_011318_C4_E6.png,232.8,None,None,None,Unknown,1
NV_FL_G1_R_92917_B4_E2,9/29/17,8.00,NikonSMZ1500/DSRi1/ 1X by 1Xzoom ratio/0.5cm=5000um,measurement in um,Gentamycin_Rescue,50ug/ml,B4,E2,autoclaved ASW,6,1,0,3,Many broken and fragmented tissue pieces. Many visible microbes,NV_FL_G1_R_92917_B4_E2.png,232.9,54.46753161,None,93017_R_B4_E2,Unknown,5
NV_FL_G1_R_92917_A2_E2,9/29/17,8.00,NikonSMZ1500/DSRi1/ 1X by 1Xzoom ratio/0.5cm=5000um,measurement in um,Gentamycin_Rescue,50ug/ml,A2,E2,autoclaved ASW,7,3,0,3,Many broken and fragmented tissue pieces. Many visible microbes,NV_FL_G1_R_92917_A2_E2.png,234.3428571,61.81725372,93017_R_A2_E2,None,Unknown,6
NV_FL_G1_C_92917_C2_E4,9/29/17,8.00,NikonSMZ1500/DSRi1/ 1X by 1Xzoom ratio/0.5cm=5000um,measurement in um,Control,None,C2,E4,autoclaved ASW,7,2,0,1,few fragments. few microbes,NV_FL_G1_C_92917_C2_E4.png,234.7,23.96685211,None,93017_C_C2_E6,Unknown,6
NV_FL_G1_C_92917_C4_E6,9/29/17,8.00,NikonSMZ1500/DSRi1/ 1X by 1Xzoom ratio/0.5cm=5000um,measurement in um,Control,None,C4,E6,autoclaved ASW,7,4,0,2,Many broken and fragmented tissue pieces. Many visible microbes,NV_FL_G1_C_92917_C4_E6.png,235.4285714,52.27761517,None,93017_C_C4_E6,Unknown,6
NV_FL_G1_C_92917_B2_E6,9/29/17,8.00,NikonSMZ1500/DSRi1/ 1X by 1Xzoom ratio/0.5cm=5000um,measurement in um,Control,None,B2,E6,autoclaved ASW,7,4,0,4,very few fragmented pieces. No visible microbes,NV_FL_G1_C_92917_B2_E6.png,235.7142857,45.09225464,None,93017_C_B2_E6,Unknown,6
NV_FL_G1_G_100917_A3_E3,10/9/17,17.00,NikonSMZ1500/DSRi1/ 1X by 1Xzoom ratio/0.5cm=5000um,measurement in um,Gentamycin,50ug/ml,A3,E3,autoclaved ASW,4,2,1,0,Only 4 visible,NV_FL_G1_G_100917_A3_E3.png,237.875,121.9515033,100917_G_A3_E3,None,Unknown,3
NV_FL_G1_G_92917_C2_E4,9/29/17,8.00,NikonSMZ1500/DSRi1/ 1X by 1Xzoom ratio/0.5cm=5000um,measurement in um,Gentamycin,50ug/ml,C2,E4,autoclaved ASW,7,1,0,1,"many fragments visible, microbes present",NV_FL_G1_G_92917_C2_E4.png,237.9571429,53.33656835,None,93017_G_C2_E6,Unknown,6
NV_FL_G1_R_92917_B3_E1,9/29/17,8.00,NikonSMZ1500/DSRi1/ 1X by 1Xzoom ratio/0.5cm=5000um,measurement in um,Gentamycin_Rescue,50ug/ml,B3,E1,autoclaved ASW,7,2,0,0,few fragments. few microbes,NV_FL_G1_R_92917_B3_E1.png,238.0714286,33.09585645,None,93017_R_B3_E1,Unknown,6
NV_FL_G1_C_011318_A3_E3,1/13/18,112.00,NikonSMZ1500/DSRi1/ 1X by 1Xzoom ratio/0.5cm=5000um,measurement in um,Control,None,A3,E3,autoclaved ASW,3,1,0,3,Reading after several attempts to feed and retrieve Nematostella.fragmented tissue seems to have regenerated into Nematostella ,NV_FL_G1_C_011318_A3_32.png,239,24.64081979,None,None,Unknown,3
NV_FL_G1_G_92517_A4_E4,9/25/17,4.00,NikonSMZ1500/DSRi1/ 1X by 1Xzoom ratio/0.5cm=5000um,measurement in um,Gentamycin,50ug/ml,A4,E4,autoclaved ASW,7,3,0,0,None,NV_FL_G1_G_92517_A4_E4.png,239.3857143,19.56820794,None,92617_G_A4_E4,Unknown,6
NV_FL_G1_C_92917_A4_E4,9/29/17,8.00,NikonSMZ1500/DSRi1/ 1X by 1Xzoom ratio/0.5cm=5000um,measurement in um,Control,None,A4,E4,autoclaved ASW,6,1,0,1,fragmented tissue pieces. Many microbes visible,NV_FL_G1_C_92917_A4_E4.png,240.25,17.23261443,None,93017_C_A4_E4,Unknown,5
NV_FL_G1_R_92517_A3_E3,9/25/17,4.00,NikonSMZ1500/DSRi1/ 1X by 1Xzoom ratio/0.5cm=5000um,measurement in um,Gentamycin_Rescue,50ug/ml,A3,E3,autoclaved ASW,8,2,0,0,None,NV_FL_G1_R_92517_A3_E3.png,241.425,32.67007149,92617_R_A3_E3,None,Unknown,7
NV_FL_G1_R_92917_B1_E5,9/29/17,8.00,NikonSMZ1500/DSRi1/ 1X by 1Xzoom ratio/0.5cm=5000um,measurement in um,Gentamycin_Rescue,50ug/ml,B1,E5,autoclaved ASW,7,3,0,1,few fragments. few microbes,NV_FL_G1_R_92917_B1_E5.png,241.6142857,27.23346156,None,93017_R_B1_E5,Unknown,6
NV_FL_G1_G_92517_C2_E4,9/25/17,4.00,NikonSMZ1500/DSRi1/ 1X by 1Xzoom ratio/0.5cm=5000um,measurement in um,Gentamycin,50ug/ml,C2,E4,autoclaved ASW,8,2,0,0,None,NV_FL_G1_G_92517_C2_E4.png,241.8,14.02120843,None,92617_G_C2_E4,Unknown,7
NV_FL_G1_C_92917_A3_E3,9/29/17,8.00,NikonSMZ1500/DSRi1/ 1X by 1Xzoom ratio/0.5cm=5000um,measurement in um,Control,None,A3,E3,autoclaved ASW,6,1,0,0,fragmented tissue pieces. Many microbes visible,NV_FL_G1_C_92917_A3_E3.png,241.9666667,65.05827132,93017_C_A3_E3,None,Unknown,5
NV_FL_G1_R_100317_C1_E3,10/3/17,12.00,NikonSMZ1500/DSRi1/ 1X by 1Xzoom ratio/0.5cm=5000um,measurement in um,Gentamycin_Rescue,50ug/ml,C1,E3,autoclaved ASW,6,1,1,0,None,NV_FL_G1_R_100317_C1_E3.png,242.3,34.64800139,None,100317_R_C1_E3,Unknown,5
NV_FL_G1_R_92517_C3_E5,9/25/17,4.00,NikonSMZ1500/DSRi1/ 1X by 1Xzoom ratio/0.5cm=5000um,measurement in um,Gentamycin_Rescue,50ug/ml,C3,E5,autoclaved ASW,8,0,0,2,None,NV_FL_G1_R_92517_C3_E5.png,242.5875,44.46801218,None,92617_R_C3_E5,Unknown,7
NV_FL_G1_G_92517_A2_E2,9/25/17,4.00,NikonSMZ1500/DSRi1/ 1X by 1Xzoom ratio/0.5cm=5000um,measurement in um,Gentamycin,50ug/ml,A2,E2,autoclaved ASW,8,1,0,2,None,NV_FL_G1_G_92517_A2_E2.png,243.9,37.42226228,92617_G_A2_E2,None,Unknown,7
NV_FL_G1_R_100317_A2_E2,10/3/17,12.00,NikonSMZ1500/DSRi1/ 1X by 1Xzoom ratio/0.5cm=5000um,measurement in um,Gentamycin_Rescue,50ug/ml,A2,E2,autoclaved ASW,6,1,0,0,None,NV_FL_G1_R_100317_A2_E2.png,244.95,33.45066517,100317_R_A2_E2,None,Unknown,5
NV_FL_G1_R_92917_C4_E6,9/29/17,8.00,NikonSMZ1500/DSRi1/ 1X by 1Xzoom ratio/0.5cm=5000um,measurement in um,Gentamycin_Rescue,50ug/ml,C4,E6,autoclaved ASW,6,2,0,3,Many broken and fragmented tissue pieces. Many visible microbes,NV_FL_G1_R_92917_C4_E6.png,245.25,48.86429167,None,93017_R_C4_E6,Unknown,5
NV_FL_G1_R_92917_C1_E3,9/29/17,8.00,NikonSMZ1500/DSRi1/ 1X by 1Xzoom ratio/0.5cm=5000um,measurement in um,Gentamycin_Rescue,50ug/ml,C1,E3,autoclaved ASW,7,1,0,1,fragmented tissue pieces. Many microbes visible,NV_FL_G1_R_92917_C1_E3.png,246.3142857,20.16105392,None,93017_R_C1_E5,Unknown,6
NV_FL_G1_G_020118_B1_E5,2/1/18,130.00,NikonSMZ1500/DSRi1/ 1X by 1Xzoom ratio/0.5cm=5000um,measurement in um,Gentamycin,None,B1,E5,autoclaved ASW,2,0,2,0,,NV_FL_G1_G_020118_B1_E5.png,246.7333333,214.8274734,None,None,Unknown,2
NV_FL_G1_R_100317_B1_E5,10/3/17,12.00,NikonSMZ1500/DSRi1/ 1X by 1Xzoom ratio/0.5cm=5000um,measurement in um,Gentamycin_Rescue,50ug/ml,B1,E5,autoclaved ASW,5,3,2,0,Only 5 visible,NV_FL_G1_R_100317_B1_E5.png,246.78,40.57865202,None,100317_R_B1_E5,Unknown,4
NV_FL_G1_G_92517_B1_E5,9/25/17,4.00,NikonSMZ1500/DSRi1/ 1X by 1Xzoom ratio/0.5cm=5000um,measurement in um,Gentamycin,50ug/ml,B1,E5,autoclaved ASW,8,2,0,0,None,NV_FL_G1_G_92517_B1_E5.png,246.9875,28.80721326,None,92617_G_B1_E5,Unknown,7
NV_FL_G1_R_92917_A3_E3,9/29/17,8.00,NikonSMZ1500/DSRi1/ 1X by 1Xzoom ratio/0.5cm=5000um,measurement in um,Gentamycin_Rescue,50ug/ml,A3,E3,autoclaved ASW,7,1,0,0,few fragments. few microbes,NV_FL_G1_R_92917_A3_E3.png,247.4714286,30.90181841,93017_R_A3_E3,None,Unknown,6
NV_FL_G1_R_92917_C3_E4,9/29/17,8.00,NikonSMZ1500/DSRi1/ 1X by 1Xzoom ratio/0.5cm=5000um,measurement in um,Gentamycin_Rescue,50ug/ml,C3,E5,autoclaved ASW,7,2,0,2,few fragments. few microbes,NV_FL_G1_R_92917_C3_E5.png,247.5857143,56.99121068,None,93017_R_C3_E6,Unknown,6
NV_FL_G1_G_92917_C4_E6,9/29/17,8.00,NikonSMZ1500/DSRi1/ 1X by 1Xzoom ratio/0.5cm=5000um,measurement in um,Gentamycin,50ug/ml,C4,E6,autoclaved ASW,7,3,0,0,few fragments. few microbes,NV_FL_G1_G_92917_C4_E6.png,248.0571429,27.98361766,None,93017_G_C4_E6,Unknown,6
NV_FL_G1_C_021918_A1_E1,2/19/18,149.00,NikonSMZ1500/DSRi1/ 1X by 1Xzoom ratio/0.5cm=5000um,measurement in um,Control,None,A1,E1,autoclaved ASW,1,0,0,1,Another feeding attempted prior to reading.No favorable outcome.,NV_FL_G1_C_021918_A1_E1.png,251.4,None,None,None,Unknown,1
NV_FL_G1_G_92917_B1_E5,9/29/17,8.00,NikonSMZ1500/DSRi1/ 1X by 1Xzoom ratio/0.5cm=5000um,measurement in um,Gentamycin,50ug/ml,B1,E5,autoclaved ASW,7,2,0,0,few fragments. few microbes,NV_FL_G1_G_92917_B1_E5.png,251.8428571,17.96411767,None,93017_G_B1_E5,Unknown,6
NV_FL_G1_C_011318_C3_E5,1/13/18,112.00,NikonSMZ1500/DSRi1/ 1X by 1Xzoom ratio/0.5cm=5000um,measurement in um,Control,None,C3,E5,autoclaved ASW,3,0,0,3,small borken tissue fragments,NV_FL_G1_C_011318_C3_E5.png,252.0666667,25.79618835,None,None,Unknown,3
NV_FL_G1_R_92917_C2_E4,9/29/17,8.00,NikonSMZ1500/DSRi1/ 1X by 1Xzoom ratio/0.5cm=5000um,measurement in um,Gentamycin_Rescue,50ug/ml,C2,E4,autoclaved ASW,6,1,0,3,Many broken and fragmented tissue pieces. Many visible microbes,NV_FL_G1_R_92917_C2_E4.png,253.0333333,25.25530967,None,93017_R_C2_E6,Unknown,5
NV_FL_G1_C_011318_C2_E4,1/13/18,112.00,NikonSMZ1500/DSRi1/ 1X by 1Xzoom ratio/0.5cm=5000um,measurement in um,Control,None,C2,E4,autoclaved ASW,3,2,0,3,small borken tissue fragments,NV_FL_G1_C_011318_C2_E4.png,254.2,43.31316197,None,None,Unknown,3
NV_FL_G1_R_100317_A1_E1,10/3/17,12.00,NikonSMZ1500/DSRi1/ 1X by 1Xzoom ratio/0.5cm=5000um,measurement in um,Gentamycin_Rescue,50ug/ml,A1,E1,autoclaved ASW,5,0,1,0,Only 5 visible,NV_FL_G1_R_100317_A1_E1.png,258.26,78.17379996,100317_R_A1_E1,None,Unknown,4
NV_FL_G1_R_101317_C1_E3,10/13/17,21.00,NikonSMZ1500/DSRi1/ 1X by 1Xzoom ratio/0.5cm=5000um,measurement in um,Gentamycin_Rescue,50ug/ml,C1,E3,autoclaved ASW,2,0,1,1,1 unhealthy,NV_FL_G1_R_101317_C1_E3.png,258.3,4.384062043,None,101317_R_C1_E3,Unknown,1
NV_FL_G1_G_100317_B4_E2,10/3/17,12.00,NikonSMZ1500/DSRi1/ 1X by 1Xzoom ratio/0.5cm=5000um,measurement in um,Gentamycin,50ug/ml,B4,E2,autoclaved ASW,3,0,0,0,Only 3 visible,NV_FL_G1_G_100317_B4_E2.png,259.3333333,100.0895765,None,100317_G_B4_E2,Unknown,2
NV_FL_G1_R_92917_A1_E1,9/29/17,8.00,NikonSMZ1500/DSRi1/ 1X by 1Xzoom ratio/0.5cm=5000um,measurement in um,Gentamycin_Rescue,50ug/ml,A1,E1,autoclaved ASW,7,3,0,0,few fragments. few microbes,NV_FL_G1_R_92917_A1_E1.png,259.5,53.99416635,93017_R_A1_E1,None,Unknown,6
NV_FL_G1_C_92917_A2_E2,9/29/17,8.00,NikonSMZ1500/DSRi1/ 1X by 1Xzoom ratio/0.5cm=5000um,measurement in um,Control,None,A2,E2,autoclaved ASW,6,1,0,0,"many fragments visible, microbes present",NV_FL_G1_C_92917_A2_E2.png,262.8,67.70598201,93017_C_A2_E2,None,Unknown,5
NV_FL_G1_R_92917_B2_E6,9/29/17,8.00,NikonSMZ1500/DSRi1/ 1X by 1Xzoom ratio/0.5cm=5000um,measurement in um,Gentamycin_Rescue,50ug/ml,B2,E6,autoclaved ASW,7,3,0,0,few fragments. few microbes,NV_FL_G1_R_92917_B2_E6.png,265.3714286,24.721766,None,93017_R_B2_E6,Unknown,6
NV_FL_G1_G_92917_A3_E3,9/29/17,8.00,NikonSMZ1500/DSRi1/ 1X by 1Xzoom ratio/0.5cm=5000um,measurement in um,Gentamycin,50ug/ml,A3,E3,autoclaved ASW,7,4,0,1,few fragments. few microbes,NV_FL_G1_G_92917_A3_E3.png,265.5857143,40.79813838,93017_G_A3_E3,None,Unknown,6
NV_FL_G1_G_100317_A2_E2,10/3/17,12.00,NikonSMZ1500/DSRi1/ 1X by 1Xzoom ratio/0.5cm=5000um,measurement in um,Gentamycin,50ug/ml,A2,E2,autoclaved ASW,6,2,1,0,None,NV_FL_G1_G_100317_A2_E2.png,267.6666667,178.1862471,100317_G_A2_E2,None,Unknown,5
NV_FL_G1_G_92917_A1_E1,9/29/17,8.00,NikonSMZ1500/DSRi1/ 1X by 1Xzoom ratio/0.5cm=5000um,measurement in um,Gentamycin,50ug/ml,A1,E1,autoclaved ASW,7,2,0,2,few fragments. few microbes,NV_FL_G1_G_92917_A1_E1.png,269.3142857,37.49788565,93017_G_A1_E1,None,Unknown,6
NV_FL_G1_C_92917_C3_E5,9/29/17,8.00,NikonSMZ1500/DSRi1/ 1X by 1Xzoom ratio/0.5cm=5000um,measurement in um,Control,None,C3,E5,autoclaved ASW,7,4,0,1,few fragments. few microbes,NV_FL_G1_C_92917_C3_E5.png,273.2,68.81404895,None,93017_C_C3_E6,Unknown,6
NV_FL_G1_R_020118_C4_E6,2/1/18,130.00,NikonSMZ1500/DSRi1/ 1X by 1Xzoom ratio/0.5cm=5000um,measurement in um,Gentamycin_Rescue,None,C4,E6,autoclaved ASW,1,0,0,1,,NV_FL_G1_R_020118_C4_E6.png,273.5,None,None,None,Unknown,1
NV_FL_G1_R_021918_B1_E5,2/19/18,149.00,NikonSMZ1500/DSRi1/ 1X by 1Xzoom ratio/0.5cm=5000um,measurement in um,Gentamycin_Rescue,None,B1,E5,autoclaved ASW,3,0,2,1,Another feeding attempted prior to reading.No favorable outcome.,NV_FL_G1_R_021918_B1_E5.png,274.1333333,51.68020253,None,None,Unknown,3
NV_FL_G1_C_92917_B1_E5,9/29/17,8.00,NikonSMZ1500/DSRi1/ 1X by 1Xzoom ratio/0.5cm=5000um,measurement in um,Control,None,B1,E5,autoclaved ASW,7,3,0,0,very few fragmented pieces. No visible microbes,NV_FL_G1_C_92917_B1_E5.png,277.2,37.56394548,None,93017_C_B1_E5,Unknown,6
NV_FL_G1_R_100317_A4_E4,10/3/17,12.00,NikonSMZ1500/DSRi1/ 1X by 1Xzoom ratio/0.5cm=5000um,measurement in um,Gentamycin_Rescue,50ug/ml,A4,E4,autoclaved ASW,4,0,1,0,"Only 4 visible, broken fragmnets",NV_FL_G1_R_100317_A4_E4.png,277.85,60.74879971,None,100317_R_A4_E4,Unknown,3
NV_FL_G1_R_021918_A3_E3,2/19/18,149.00,NikonSMZ1500/DSRi1/ 1X by 1Xzoom ratio/0.5cm=5000um,measurement in um,Gentamycin_Rescue,None,A3,E3,autoclaved ASW,1,0,0,1,Another feeding attempted prior to reading.No favorable outcome.,NV_FL_G1_R_021918_A3_E3.png,278.2,None,None,None,Unknown,1
NV_FL_G1_R_100917_C1_E3,10/9/17,17.00,NikonSMZ1500/DSRi1/ 1X by 1Xzoom ratio/0.5cm=5000um,measurement in um,Gentamycin_Rescue,50ug/ml,C1,E3,autoclaved ASW,5,0,0,5,"none have tentacles, most are small and round, many microbes visible.",NV_FL_G1_R_100917_C1_E3.png,278.82,37.24401965,None,100917_G_C1_E3,Unknown,4
NV_FL_G1_R_101317_A1_E1,10/13/17,21.00,NikonSMZ1500/DSRi1/ 1X by 1Xzoom ratio/0.5cm=5000um,measurement in um,Gentamycin_Rescue,50ug/ml,A1,E1,autoclaved ASW,3,1,0,2,small premature motile framnets ,NV_FL_G1_R_101317_A1_E1.png,285.2666667,104.7413163,101317_R_A1_E1,None,Unknown,2
NV_FL_G1_C_100317_B3_E1,10/3/17,12.00,NikonSMZ1500/DSRi1/ 1X by 1Xzoom ratio/0.5cm=5000um,measurement in um,Control,None,B3,E1,autoclaved ASW,5,2,3,0,"Only 5 visible, many fragmnets",NV_FL_G1_C_100317_B3_E1.png,293.6833333,112.1176778,None,100317_C_B3_E1,Unknown,5
NV_FL_G1_R_021918_C4_E6,2/19/18,149.00,NikonSMZ1500/DSRi1/ 1X by 1Xzoom ratio/0.5cm=5000um,measurement in um,Gentamycin_Rescue,None,C4,E6,autoclaved ASW,3,0,1,2,Another feeding attempted prior to reading.No favorable outcome.,NV_FL_G1_R_021918_C3_E5.png,295.4,53.2735394,None,None,Unknown,3
NV_FL_G1_R_112117_A1_E1,11/21/17,59.00,NikonSMZ1500/DSRi1/ 1X by 1Xzoom ratio/0.5cm=5000um,measurement in um,Gentamycin_Rescue,None,A1,E1,1.5ml autoclaved ASW+500ul ASW from corresponding control well ID (well to well ID match),2,0,1,1,One piece of viable tissue looks like regeneration of Nematostella ,NV_FL_G1_R_112117_A1_E1.png,295.6,155.8463346,None,None,Unknown,2
NV_FL_G1_R_100317_C2_E4,10/3/17,12.00,NikonSMZ1500/DSRi1/ 1X by 1Xzoom ratio/0.5cm=5000um,measurement in um,Gentamycin_Rescue,50ug/ml,C2,E4,autoclaved ASW,5,0,1,0,Only 5 visible,NV_FL_G1_R_100317_C2_E4.png,301.34,55.70366236,None,100317_R_C2_E4,Unknown,4
NV_FL_G1_R_020818_C4_E6,2/8/18,138.00,NikonSMZ1500/DSRi1/ 1X by 1Xzoom ratio/0.5cm=5000um,measurement in um,Gentamycin_Rescue,None,C4,E6,autoclaved ASW,1,0,1,0,,NV_FL_G1_R_020818_C4_E6.png,301.5,None,None,None,Unknown,1
NV_FL_G1_R_020118_B1_E5,2/1/18,130.00,NikonSMZ1500/DSRi1/ 1X by 1Xzoom ratio/0.5cm=5000um,measurement in um,Gentamycin_Rescue,None,B1,E5,autoclaved ASW,3,0,2,1,,NV_FL_G1_R_020118_B1_E5.png,303.6666667,34.21495774,None,None,Unknown,3
NV_FL_G1_C_100317_A4_E4,10/3/17,12.00,NikonSMZ1500/DSRi1/ 1X by 1Xzoom ratio/0.5cm=5000um,measurement in um,Control,None,A4,E4,autoclaved ASW,5,0,3,0,Only 5 visible,NV_FL_G1_C_100317_A4_E4.png,304.8166667,95.91941236,None,100317_C_A4_E4,Unknown,5
NV_FL_G1_G_92917_C3_E5,9/29/17,8.00,NikonSMZ1500/DSRi1/ 1X by 1Xzoom ratio/0.5cm=5000um,measurement in um,Gentamycin,50ug/ml,C3,E5,autoclaved ASW,7,6,0,0,few fragments. few microbes,NV_FL_G1_G_92917_C3_E5.png,306.5285714,42.20638634,None,93017_G_C3_E6,Unknown,6
NV_FL_G1_C_111617_A3_E3,11/16/17,52.00,NikonSMZ1500/DSRi1/ 1X by 1Xzoom ratio/0.5cm=5000um,measurement in um,Control,None,A3,E3,autoclaved ASW (minus 500ul) +500ul fresh Autoclaved ASW,1,0,1,0,,NV_FL_G1_C_111617_A3_E3.png,306.6,None,None,None,Unknown,1
NV_FL_G1_C_100317_C2_E4,10/3/17,12.00,NikonSMZ1500/DSRi1/ 1X by 1Xzoom ratio/0.5cm=5000um,measurement in um,Control,None,C2,E4,autoclaved ASW,6,2,2,0,None,NV_FL_G1_C_100317_C2_E4.png,307.1666667,134.8384169,None,100317_C_C2_E4,Unknown,5
NV_FL_G1_G_100317_B2_E6,10/3/17,12.00,NikonSMZ1500/DSRi1/ 1X by 1Xzoom ratio/0.5cm=5000um,measurement in um,Gentamycin,50ug/ml,B2,E6,autoclaved ASW,5,0,2,0,Only 5 visible,NV_FL_G1_G_100317_B2_E6.png,307.96,77.09340439,None,100317_G_B2_E6,Unknown,4
NV_FL_G1_G_021918_C3_E5,2/19/18,149.00,NikonSMZ1500/DSRi1/ 1X by 1Xzoom ratio/0.5cm=5000um,measurement in um,Gentamycin,None,C3,E5,autoclaved ASW,1,0,1,0,Another feeding attempted prior to reading.No favorable outcome.,NV_FL_G1_G_021918_C3_E5.png,309.9,None,None,None,Unknown,1
NV_FL_G1_R_011318_A3_E3,1/13/18,112.00,NikonSMZ1500/DSRi1/ 1X by 1Xzoom ratio/0.5cm=5000um,measurement in um,Gentamycin_Rescue,None,A3,E3,autoclaved ASW,1,0,1,0,Reading after several attempts to feed and retrieve Nematostella,NV_FL_G1_R_011318_A3_E3.png,310.7,None,None,None,Unknown,1
NV_FL_G1_R_112917_A1_E1,11/29/17,68.00,NikonSMZ1500/DSRi1/ 1X by 1Xzoom ratio/0.5cm=5000um,measurement in um,Gentamycin_Rescue,None,A1,E1,1.5ml autoclaved ASW+500ul ASW from corresponding control well ID (well to well ID match),2,0,1,1,,NV_FL_G1_R_112917_A1_E1.png,311,162.4931383,None,None,Unknown,2
NV_FL_G1_R_100917_A2_E2,10/9/17,17.00,NikonSMZ1500/DSRi1/ 1X by 1Xzoom ratio/0.5cm=5000um,measurement in um,Gentamycin_Rescue,50ug/ml,A2,E2,autoclaved ASW,5,0,3,2,2 are round anfd underdeveloped,NV_FL_G1_R_100917_A2_E2.png,312.46,129.3890954,100917_R_A1_E2,None,Unknown,4
NV_FL_G1_R_021918_C3_E5,2/19/18,149.00,NikonSMZ1500/DSRi1/ 1X by 1Xzoom ratio/0.5cm=5000um,measurement in um,Gentamycin_Rescue,None,C3,E5,autoclaved ASW,1,0,1,0,Another feeding attempted prior to reading.No favorable outcome.,NV_FL_G1_R_021918_C2_E4.png,316.5,None,None,None,Unknown,1
NV_FL_G1_C_112917_A1_E1,11/29/17,68.00,NikonSMZ1500/DSRi1/ 1X by 1Xzoom ratio/0.5cm=5000um,measurement in um,Control,None,A1,E1,autoclaved ASW (minus 500ul) +500ul fresh Autoclaved ASW,2,0,0,0,,NV_FL_G1_C_112917_A1_E1.png,319.2,140.2899854,None,None,Unknown,2
NV_FL_G1_R_020818_B1_E5,2/8/18,138.00,NikonSMZ1500/DSRi1/ 1X by 1Xzoom ratio/0.5cm=5000um,measurement in um,Gentamycin_Rescue,None,B1,E5,autoclaved ASW,4,0,3,1,,NV_FL_G1_R_020818_B1_E5.png,319.3,40.04189473,None,None,Unknown,4
NV_FL_G1_G_112117_C1_E3,11/21/17,59.00,NikonSMZ1500/DSRi1/ 1X by 1Xzoom ratio/0.5cm=5000um,measurement in um,Gentamycin,None,C1,E3,autoclaved ASW,1,0,1,0,,NV_FL_G1_G_112117_C1_E3.png,324,None,None,None,Unknown,1
NV_FL_G1_R_100917_A1_E1,10/9/17,17.00,NikonSMZ1500/DSRi1/ 1X by 1Xzoom ratio/0.5cm=5000um,measurement in um,Gentamycin_Rescue,50ug/ml,A1,E1,autoclaved ASW,4,1,2,1,one seems round and underdeveloped,NV_FL_G1_R_100917_A1_E1.png,328.4,172.2914391,100917_R_A1_E1,None,Unknown,3
NV_FL_G1_C_100317_A3_E3,10/3/17,12.00,NikonSMZ1500/DSRi1/ 1X by 1Xzoom ratio/0.5cm=5000um,measurement in um,Control,None,A3,E3,autoclaved ASW,5,0,2,0,Only 5 visible,NV_FL_G1_C_100317_A3_E3.png,328.94,129.3036852,100317_C_A3_E3,None,Unknown,4
NV_FL_G1_G_112917_C1_E3,11/29/17,68.00,NikonSMZ1500/DSRi1/ 1X by 1Xzoom ratio/0.5cm=5000um,measurement in um,Gentamycin,None,C1,E3,autoclaved ASW,1,0,1,0,,NV_FL_G1_G_112917_C1_E3.png,331.8,None,None,None,Unknown,1
NV_FL_G1_C_020118_C3_E5,2/1/18,130.00,NikonSMZ1500/DSRi1/ 1X by 1Xzoom ratio/0.5cm=5000um,measurement in um,Control,None,C3,E5,autoclaved ASW,1,0,1,0,,NV_FL_G1_C_020118_C3_E5.png,333.5,None,None,None,Unknown,1
NV_FL_G1_R_100317_A3_E3,10/3/17,12.00,NikonSMZ1500/DSRi1/ 1X by 1Xzoom ratio/0.5cm=5000um,measurement in um,Gentamycin_Rescue,50ug/ml,A3,E3,autoclaved ASW,6,0,2,0,None,NV_FL_G1_R_100317_A3_E3.png,334.1333333,92.04172242,100317_R_A3_E3,None,Unknown,5
NV_FL_G1_C_101317_A2_E2,10/13/17,21.00,NikonSMZ1500/DSRi1/ 1X by 1Xzoom ratio/0.5cm=5000um,measurement in um,Control,None,A2,E2,autoclaved ASW,2,0,1,0,Only 2 visible,NV_FL_G1_C_101317_A2_E2.png,334.6,122.3294731,101317_C_A2_E2,None,Unknown,1
NV_FL_G1_G_011318_B2_E6,1/13/18,112.00,NikonSMZ1500/DSRi1/ 1X by 1Xzoom ratio/0.5cm=5000um,measurement in um,Gentamycin,None,B2,E6,autoclaved ASW,2,0,2,0,Reading after several attempts to feed and retrieve Nematostella,NV_FL_G1_G_011318_B2_E6.png,336.3,3.676955262,None,None,Unknown,2
NV_FL_G1_C_020818_C3_E5,2/8/18,138.00,NikonSMZ1500/DSRi1/ 1X by 1Xzoom ratio/0.5cm=5000um,measurement in um,Control,None,C3,E5,autoclaved ASW,1,0,1,0,,NV_FL_G1_C_020818_C3_E5.png,340.1,None,None,None,Unknown,1
NV_FL_G1_C_021918_C3_E5,2/19/18,149.00,NikonSMZ1500/DSRi1/ 1X by 1Xzoom ratio/0.5cm=5000um,measurement in um,Control,None,C3,E5,autoclaved ASW,1,0,1,0,Another feeding attempted prior to reading.No favorable outcome.,NV_FL_G1_C_021918_C3_E5.png,345,None,None,None,Unknown,1
NV_FL_G1_C_112117_A1_E1,11/21/17,59.00,NikonSMZ1500/DSRi1/ 1X by 1Xzoom ratio/0.5cm=5000um,measurement in um,Control,None,A1,E1,autoclaved ASW (minus 500ul) +500ul fresh Autoclaved ASW,2,0,0,0,No visible tentacles,NV_FL_G1_C_112117_A1_E1.png,348.4,196.4342638,None,None,Unknown,2
NV_FL_G1_G_112117_C2_E4,11/21/17,59.00,NikonSMZ1500/DSRi1/ 1X by 1Xzoom ratio/0.5cm=5000um,measurement in um,Gentamycin,None,C2,E4,autoclaved ASW,1,0,1,0,,NV_FL_G1_G_112117_C2_E4.png,354.3,None,None,None,Unknown,1
NV_FL_G1_G_011318_C3_E5,1/13/18,112.00,NikonSMZ1500/DSRi1/ 1X by 1Xzoom ratio/0.5cm=5000um,measurement in um,Gentamycin,None,C3,E5,autoclaved ASW,1,0,1,0,Reading after several attempts to feed and retrieve Nematostella,NV_FL_G1_G_011318_C3_E5.png,359.4,None,None,None,Unknown,1
NV_FL_G1_R_020818_B3_E1,2/8/18,138.00,NikonSMZ1500/DSRi1/ 1X by 1Xzoom ratio/0.5cm=5000um,measurement in um,Gentamycin_Rescue,None,B3,E1,autoclaved ASW,3,0,3,0,,NV_FL_G1_R_020818_B3_E1.png,360.9333333,38.48770366,None,None,Unknown,3
NV_FL_G1_G_112917_C2_E4,11/29/17,68.00,NikonSMZ1500/DSRi1/ 1X by 1Xzoom ratio/0.5cm=5000um,measurement in um,Gentamycin,None,C2,E4,autoclaved ASW,1,0,1,0,,NV_FL_G1_G_112917_C2_E4.png,361.6,None,None,None,Unknown,1
NV_FL_G1_C_100317_A2_E2,10/3/17,12.00,NikonSMZ1500/DSRi1/ 1X by 1Xzoom ratio/0.5cm=5000um,measurement in um,Control,None,A2,E2,autoclaved ASW,4,0,1,1,"Only 4 visible, broken fragmnets",NV_FL_G1_C_100317_A2_E2.png,364.85,78.40019133,100317_C_A2_E2,None,Unknown,3
NV_FL_G1_G_020818_B1_E5,2/8/18,138.00,NikonSMZ1500/DSRi1/ 1X by 1Xzoom ratio/0.5cm=5000um,measurement in um,Gentamycin,None,B1,E5,autoclaved ASW,2,0,2,0,,NV_FL_G1_G_020818_B1_E5.png,370.75,24.11234124,None,None,Unknown,2
NV_FL_G1_G_112117_B1_E5,11/21/17,59.00,NikonSMZ1500/DSRi1/ 1X by 1Xzoom ratio/0.5cm=5000um,measurement in um,Gentamycin,None,B1,E5,autoclaved ASW,2,0,1,1,,NV_FL_G1_G_112117_B1_E5.png,371.45,169.6349168,None,None,Unknown,2
NV_FL_G1_G_100917_A2_E2,10/9/17,17.00,NikonSMZ1500/DSRi1/ 1X by 1Xzoom ratio/0.5cm=5000um,measurement in um,Gentamycin,50ug/ml,A2,E2,autoclaved ASW,4,0,1,0,many broken tissue fragments,NV_FL_G1_G_100917_A2_E2.png,373.8,366.7672377,100917_G_A2_E2,None,Unknown,3
NV_FL_G1_R_100317_B4_E2,10/3/17,12.00,NikonSMZ1500/DSRi1/ 1X by 1Xzoom ratio/0.5cm=5000um,measurement in um,Gentamycin_Rescue,50ug/ml,B4,E2,autoclaved ASW,5,0,3,0,Only 5 visible,NV_FL_G1_R_100317_B4_E2.png,374.06,142.1645631,None,100317_R_B4_E2,Unknown,4
NV_FL_G1_G_100317_B1_E5,10/3/17,12.00,NikonSMZ1500/DSRi1/ 1X by 1Xzoom ratio/0.5cm=5000um,measurement in um,Gentamycin,50ug/ml,B1,E5,autoclaved ASW,4,1,0,0,"Only 4 visible, broken fragmnets",NV_FL_G1_G_100317_B1_E5.png,375.675,234.9880476,None,100317_G_B1_E5,Unknown,3
NV_FL_G1_R_100317_B3_E1,10/3/17,12.00,NikonSMZ1500/DSRi1/ 1X by 1Xzoom ratio/0.5cm=5000um,measurement in um,Gentamycin_Rescue,50ug/ml,B3,E1,autoclaved ASW,6,1,4,0,None,NV_FL_G1_R_100317_B3_E1.png,377.55,175.65155,None,100317_R_B3_E1,Unknown,5
NV_FL_G1_G_101317_B4_E2,10/13/17,21.00,NikonSMZ1500/DSRi1/ 1X by 1Xzoom ratio/0.5cm=5000um,measurement in um,Gentamycin,50ug/ml,B4,E2,autoclaved ASW,2,0,1,1,1 underdeveloped,NV_FL_G1_G_101317_B4_E2.png,379.5,248.0530588,None,101317_G_B4_E2,Unknown,1
NV_FL_G1_G_101317_A3_E3,10/13/17,21.00,NikonSMZ1500/DSRi1/ 1X by 1Xzoom ratio/0.5cm=5000um,measurement in um,Gentamycin,50ug/ml,A3,E3,autoclaved ASW,1,0,1,0,only1,NV_FL_G1_G_101317_A3_E3.png,381.1,None,101317_G_A3_E3,None,Unknown,0
NV_FL_G1_C_100917_B3_E1,10/9/17,17.00,NikonSMZ1500/DSRi1/ 1X by 1Xzoom ratio/0.5cm=5000um,measurement in um,Control,None,B3,E1,autoclaved ASW,3,0,1,0,"Only 3 visible, no eukaryotic microbes",NV_FL_G1_C_100917_B3_E1.png,382.3333333,142.7986461,None,100917_C_B3_E1,Unknown,2
NV_FL_G1_C_100917_C2_E4,10/9/17,17.00,NikonSMZ1500/DSRi1/ 1X by 1Xzoom ratio/0.5cm=5000um,measurement in um,Control,None,C2,E4,autoclaved ASW,3,0,3,0,"Only 3 visible, no eukaryotic microbes",NV_FL_G1_C_100917_C2_E4.png,382.7,167.8992754,None,100917_C_C2_E4,Unknown,3
NV_FL_G1_G_112917_B1_E5,11/29/17,68.00,NikonSMZ1500/DSRi1/ 1X by 1Xzoom ratio/0.5cm=5000um,measurement in um,Gentamycin,None,B1,E5,autoclaved ASW,2,0,1,1,,NV_FL_G1_G_112917_B1_E5.png,383.5,175.6453244,None,None,Unknown,2
NV_FL_G1_C_111617_A1_E1,11/16/17,52.00,NikonSMZ1500/DSRi1/ 1X by 1Xzoom ratio/0.5cm=5000um,measurement in um,Control,None,A1,E1,autoclaved ASW (minus 500ul) +500ul fresh Autoclaved ASW,2,0,2,0,,NV_FL_G1_C_111617_A1_E1.png,386.25,97.79286784,None,None,Unknown,2
NV_FL_G1_C_100317_B2_E6,10/3/17,12.00,NikonSMZ1500/DSRi1/ 1X by 1Xzoom ratio/0.5cm=5000um,measurement in um,Control,None,B2,E6,autoclaved ASW,5,1,1,0,"Only 5 visible, many fragmnets",NV_FL_G1_C_100317_B2_E6.png,396.1,161.4768466,None,100317_C_B2_E6,Unknown,5
NV_FL_G1_G_111617_B1_E5,11/16/17,52.00,NikonSMZ1500/DSRi1/ 1X by 1Xzoom ratio/0.5cm=5000um,measurement in um,Gentamycin,None,B1,E5,autoclaved ASW,4,1,2,0,2 look unhealthy,NV_FL_G1_G_111617_B1_E5.png,396.55,228.0429565,None,None,Unknown,4
NV_FL_G1_G_020118_B2_E6,2/1/18,130.00,NikonSMZ1500/DSRi1/ 1X by 1Xzoom ratio/0.5cm=5000um,measurement in um,Gentamycin,None,B2,E6,autoclaved ASW,3,0,2,1,,NV_FL_G1_G_020118_B2_E6.png,396.9666667,132.8352488,None,None,Unknown,3
NV_FL_G1_G_111617_A1_E1,11/16/17,52.00,NikonSMZ1500/DSRi1/ 1X by 1Xzoom ratio/0.5cm=5000um,measurement in um,Gentamycin,None,A1,E1,autoclaved ASW,2,0,2,0,,NV_FL_G1_G_111617_A1_E1.png,398.1,166.8772004,None,None,Unknown,2
NV_FL_G1_R_011318_B3_E1,1/13/18,112.00,NikonSMZ1500/DSRi1/ 1X by 1Xzoom ratio/0.5cm=5000um,measurement in um,Gentamycin_Rescue,None,B3,E1,autoclaved ASW,4,0,3,1,Reading after several attempts to feed and retrieve Nematostella,NV_FL_G1_R_011318_B3_E1.png,398.65,130.6379348,None,None,Unknown,4
NV_FL_G1_C_100317_A1_E1,10/3/17,12.00,NikonSMZ1500/DSRi1/ 1X by 1Xzoom ratio/0.5cm=5000um,measurement in um,Control,None,A1,E1,autoclaved ASW,6,0,2,0,None,NV_FL_G1_C_100317_A1_E1.png,399.7166667,184.8625913,100317_C_A1_E1,None,Unknown,5
NV_FL_G1_C_112117_A3_E3,11/21/17,59.00,NikonSMZ1500/DSRi1/ 1X by 1Xzoom ratio/0.5cm=5000um,measurement in um,Control,None,A3,E3,autoclaved ASW (minus 500ul) +500ul fresh Autoclaved ASW,1,0,0,0,Only one with no visible tentacles.,NV_FL_G1_C_112117_A3_E3.png,399.9,None,None,None,Unknown,0
NV_FL_G1_C_112917_A3_E3,11/29/17,68.00,NikonSMZ1500/DSRi1/ 1X by 1Xzoom ratio/0.5cm=5000um,measurement in um,Control,None,A3,E3,autoclaved ASW (minus 500ul) +500ul fresh Autoclaved ASW,1,0,1,0,,NV_FL_G1_C_112917_A3_E3.png,400,None,None,None,Unknown,1
NV_FL_G1_G_100317_A3_E3,10/3/17,12.00,NikonSMZ1500/DSRi1/ 1X by 1Xzoom ratio/0.5cm=5000um,measurement in um,Gentamycin,50ug/ml,A3,E3,autoclaved ASW,5,1,4,0,"Only 5 visible, many fragmnets",NV_FL_G1_G_100317_A3_E3.png,402.3,163.7588624,100317_G_A3_E3,None,Unknown,4
NV_FL_G1_R_011318_B1_E5,1/13/18,112.00,NikonSMZ1500/DSRi1/ 1X by 1Xzoom ratio/0.5cm=5000um,measurement in um,Gentamycin_Rescue,None,B1,E5,autoclaved ASW,3,0,3,0,Reading after several attempts to feed and retrieve Nematostella,NV_FL_G1_R_011318_B1_E5.png,402.8,49.28772667,None,None,Unknown,3
NV_FL_G1_R_100317_C4_E6,10/3/17,12.00,NikonSMZ1500/DSRi1/ 1X by 1Xzoom ratio/0.5cm=5000um,measurement in um,Gentamycin_Rescue,50ug/ml,C4,E6,autoclaved ASW,6,0,2,0,None,NV_FL_G1_R_100317_C4_E6.png,406.45,208.3215087,None,100317_R_C4_E6,Unknown,5
NV_FL_G1_R_011318_B2_E6,1/13/18,112.00,NikonSMZ1500/DSRi1/ 1X by 1Xzoom ratio/0.5cm=5000um,measurement in um,Gentamycin_Rescue,None,B2,E6,autoclaved ASW,2,0,2,0,Reading after several attempts to feed and retrieve Nematostella,NV_FL_G1_R_011318_B2_E6.png,406.65,140.5021174,None,None,Unknown,2
NV_FL_G1_R_112117_A3_E3,11/21/17,59.00,NikonSMZ1500/DSRi1/ 1X by 1Xzoom ratio/0.5cm=5000um,measurement in um,Gentamycin_Rescue,None,A3,E3,1.5ml autoclaved ASW+500ul ASW from corresponding control well ID (well to well ID match),2,0,2,0,,NV_FL_G1_R_112117_A3_E3.png,409.45,2.899137803,None,None,Unknown,2
NV_FL_G1_R_101317_A2_E2,10/13/17,21.00,NikonSMZ1500/DSRi1/ 1X by 1Xzoom ratio/0.5cm=5000um,measurement in um,Gentamycin_Rescue,50ug/ml,A2,E2,autoclaved ASW,3,1,2,1,1 round premature,NV_FL_G1_R_101317_A2_E2.png,410.0666667,163.2268462,101317_R_A2_E2,None,Unknown,2
NV_FL_G1_G_100317_C4_E6,10/3/17,12.00,NikonSMZ1500/DSRi1/ 1X by 1Xzoom ratio/0.5cm=5000um,measurement in um,Gentamycin,50ug/ml,C4,E6,autoclaved ASW,6,0,4,0,None,NV_FL_G1_G_100317_C4_E4.png,411,141.3074662,None,100317_G_C4_E6,Unknown,5
NV_FL_G1_G_100317_C1_E3,10/3/17,12.00,NikonSMZ1500/DSRi1/ 1X by 1Xzoom ratio/0.5cm=5000um,measurement in um,Gentamycin,50ug/ml,C1,E3,autoclaved ASW,3,1,1,0,Only 3 visible,NV_FL_G1_G_100317_C1_E3.png,412.5666667,172.4716305,None,100317_G_C1_E3,Unknown,2
NV_FL_G1_R_100917_A3_E3,10/9/17,17.00,NikonSMZ1500/DSRi1/ 1X by 1Xzoom ratio/0.5cm=5000um,measurement in um,Gentamycin_Rescue,50ug/ml,A3,E3,autoclaved ASW,4,0,3,1,1 looks underdevloped,NV_FL_G1_R_100917_A3_E3.png,413.95,30.67947196,100917_R_A1_E3,None,Unknown,3
NV_FL_G1_R_112917_A3_E3,11/29/17,68.00,NikonSMZ1500/DSRi1/ 1X by 1Xzoom ratio/0.5cm=5000um,measurement in um,Gentamycin_Rescue,None,A3,E3,1.5ml autoclaved ASW+500ul ASW from corresponding control well ID (well to well ID match),2,0,2,0,,NV_FL_G1_R_112917_A3_E3.png,417.05,6.717514421,None,None,Unknown,2
NV_FL_G1_G_021918_B2_E6,2/19/18,149.00,NikonSMZ1500/DSRi1/ 1X by 1Xzoom ratio/0.5cm=5000um,measurement in um,Gentamycin,None,B2,E6,autoclaved ASW,2,0,2,1,Another feeding attempted prior to reading.No favorable outcome.,NV_FL_G1_C_021918_B2_E6.png,419,187.9489824,None,None,Unknown,2
NV_FL_G1_R_020118_A3_E3,2/1/18,130.00,NikonSMZ1500/DSRi1/ 1X by 1Xzoom ratio/0.5cm=5000um,measurement in um,Gentamycin_Rescue,None,A3,E3,autoclaved ASW,1,0,1,0,,NV_FL_G1_R_020118_A3_E3.png,420.7,None,None,None,Unknown,1
NV_FL_G1_G_111617_C2_E4,11/16/17,52.00,NikonSMZ1500/DSRi1/ 1X by 1Xzoom ratio/0.5cm=5000um,measurement in um,Gentamycin,None,C2,E4,autoclaved ASW,1,0,0,1,Long tentacles,NV_FL_G1_G_111617_C2_E4.png,423.2,None,None,None,Unknown,1
NV_FL_G1_G_100917_C2_E4,10/9/17,17.00,NikonSMZ1500/DSRi1/ 1X by 1Xzoom ratio/0.5cm=5000um,measurement in um,Gentamycin,50ug/ml,C2,E4,autoclaved ASW,3,0,2,1,1 broken and fraggmented into pieces,NV_FL_G1_G_100917_C2_E4.png,426.4,199.4355034,None,100917_G_C2_E4,Unknown,2
NV_FL_G1_G_021918_B1_E5,2/19/18,149.00,NikonSMZ1500/DSRi1/ 1X by 1Xzoom ratio/0.5cm=5000um,measurement in um,Gentamycin,None,B1,E5,autoclaved ASW,2,0,2,0,Another feeding attempted prior to reading.No favorable outcome.,NV_FL_G1_G_021918_B1_E5.png,427.45,10.53589104,None,None,Unknown,2
NV_FL_G1_G_100317_A4_E4,10/3/17,12.00,NikonSMZ1500/DSRi1/ 1X by 1Xzoom ratio/0.5cm=5000um,measurement in um,Gentamycin,50ug/ml,A4,E4,autoclaved ASW,3,0,3,0,Only 3 visible,NV_FL_G1_G_100317_A4_E4.png,428.9333333,142.501731,None,100317_G_A4_E4,Unknown,2
NV_FL_G1_R_111617_C4_E6,11/16/17,52.00,NikonSMZ1500/DSRi1/ 1X by 1Xzoom ratio/0.5cm=5000um,measurement in um,Rescue,None,C4,E6,1.5ml autoclaved ASW+500ul ASW from corresponding control well ID (well to well ID match),5,0,5,0,no fragmented pieces,NV_FL_G1_R_111617_C4_E6.png,430.32,188.9961957,None,None,Unknown,5
NV_FL_G1_G_100917_A1_E1,10/9/17,17.00,NikonSMZ1500/DSRi1/ 1X by 1Xzoom ratio/0.5cm=5000um,measurement in um,Gentamycin,50ug/ml,A1,E1,autoclaved ASW,4,0,3,0,"no eukaryotic microbes, 1 round but non motile ",NV_FL_G1_G_100917_A1_E1.png,432.25,191.0729965,100917_G_A1_E1,None,Unknown,3
NV_FL_G1_C_100917_C4_E6,10/9/17,17.00,NikonSMZ1500/DSRi1/ 1X by 1Xzoom ratio/0.5cm=5000um,measurement in um,Control,None,C4,E6,autoclaved ASW,4,0,3,0,Only 4 visible,NV_FL_G1_C_100917_C4_E6.png,434.475,149.2333827,None,100917_C_C4_E6,Unknown,3
NV_FL_G1_C_100917_A4_E4,10/9/17,17.00,NikonSMZ1500/DSRi1/ 1X by 1Xzoom ratio/0.5cm=5000um,measurement in um,Control,None,A4,E4,autoclaved ASW,2,0,2,0,Only 2 visible,NV_FL_G1_C_100917_A4_E4.png,434.85,287.1560638,None,100917_C_A4_E4,Unknown,1
NV_FL_G1_R_020118_C3_E5,2/1/18,130.00,NikonSMZ1500/DSRi1/ 1X by 1Xzoom ratio/0.5cm=5000um,measurement in um,Gentamycin_Rescue,None,C3,E5,autoclaved ASW,3,0,3,0,,NV_FL_G1_R_020118_C3_E5.png,435.9,70.84523037,None,None,Unknown,4
NV_FL_G1_C_101317_A1_E1,10/13/17,21.00,NikonSMZ1500/DSRi1/ 1X by 1Xzoom ratio/0.5cm=5000um,measurement in um,Control,None,A1,E1,autoclaved ASW,3,0,2,1,multiple broken fragments,NV_FL_G1_C_101317_A1_E1.png,436.2333333,150.9111438,101317_C_A1_E1,None,Unknown,2
NV_FL_G1_C_100317_C1_E3,10/3/17,12.00,NikonSMZ1500/DSRi1/ 1X by 1Xzoom ratio/0.5cm=5000um,measurement in um,Control,None,C1,E3,autoclaved ASW,5,1,3,0,Only 5 visible,NV_FL_G1_C_100317_C1_E3.png,436.82,115.1375134,None,100317_C_C1_E3,Unknown,4
NV_FL_G1_C_100917_A3_E3,10/9/17,17.00,NikonSMZ1500/DSRi1/ 1X by 1Xzoom ratio/0.5cm=5000um,measurement in um,Control,None,A3,E3,autoclaved ASW,4,0,3,0,Only 4 visible,NV_FL_G1_C_100917_A3_E3.png,437.875,213.7451344,100917_C_A3_E3,None,Unknown,3
NV_FL_G1_C_011318_B2_E6,1/13/18,112.00,NikonSMZ1500/DSRi1/ 1X by 1Xzoom ratio/0.5cm=5000um,measurement in um,Control,None,B2,E6,autoclaved ASW,4,0,3,0,Reading after several attempts to feed and retrieve Nematostella,NV_FL_G1_C_011318_B2_E6.png,438.35,46.28790339,None,None,Unknown,4
NV_FL_G1_C_011318_B4_E2,1/13/18,112.00,NikonSMZ1500/DSRi1/ 1X by 1Xzoom ratio/0.5cm=5000um,measurement in um,Control,None,B4,E2,autoclaved ASW,4,0,4,0,Reading after several attempts to feed and retrieve Nematostella,NV_FL_G1_C_011318_B4_E2.png,438.35,46.28790339,None,None,Unknown,4
NV_FL_G1_R_021918_B3_E1,2/19/18,149.00,NikonSMZ1500/DSRi1/ 1X by 1Xzoom ratio/0.5cm=5000um,measurement in um,Gentamycin_Rescue,None,B3,E1,autoclaved ASW,3,0,3,0,Another feeding attempted prior to reading.No favorable outcome.,NV_FL_G1_R_021918_B3_E1.png,442.1666667,59.84031528,None,None,Unknown,3
NV_FL_G1_C_021918_B2_E6,2/19/18,149.00,NikonSMZ1500/DSRi1/ 1X by 1Xzoom ratio/0.5cm=5000um,measurement in um,Control,None,B2,E6,autoclaved ASW,4,0,4,0,Another feeding attempted prior to reading.No favorable outcome.,NV_FL_G1_C_021918_B2_E6.png,444.35,119.8775069,None,None,Unknown,4
NV_FL_G1_C_100317_C4_E6,10/3/17,12.00,NikonSMZ1500/DSRi1/ 1X by 1Xzoom ratio/0.5cm=5000um,measurement in um,Control,None,C4,E6,autoclaved ASW,6,1,3,0,Many broken and fragmented tissue pieces. Many visible microbes,NV_FL_G1_C_100317_C4_E6.png,447.4833333,133.539214,None,100317_C_C4_E6,Unknown,5
NV_FL_G1_R_111617_A3_E3,11/16/17,52.00,NikonSMZ1500/DSRi1/ 1X by 1Xzoom ratio/0.5cm=5000um,measurement in um,Rescue,None,A3,E3,1.5ml autoclaved ASW+500ul ASW from corresponding control well ID (well to well ID match),2,0,2,0,no fragmented pieces,NV_FL_G1_R_111617_A3_E3.png,449.8,69.72072862,None,None,Unknown,2
NV_FL_G1_C_100917_C3_E5,10/9/17,17.00,NikonSMZ1500/DSRi1/ 1X by 1Xzoom ratio/0.5cm=5000um,measurement in um,Control,None,C3,E5,autoclaved ASW,4,0,3,0,Only 4 visible,NV_FL_G1_C_100917_C3_E5.png,452.85,187.1116155,None,100917_C_C3_E5,Unknown,3
NV_FL_G1_G_101317_A1_E1,10/13/17,21.00,NikonSMZ1500/DSRi1/ 1X by 1Xzoom ratio/0.5cm=5000um,measurement in um,Gentamycin,50ug/ml,A1,E1,autoclaved ASW,2,0,1,1,"1 round, premature, non motile.",NV_FL_G1_G_101317_A1_E1.png,456.7,370.2411106,101317_G_A1_E1,None,Unknown,1
NV_FL_G1_C_101317_B1_E5,10/13/17,21.00,NikonSMZ1500/DSRi1/ 1X by 1Xzoom ratio/0.5cm=5000um,measurement in um,Control,None,B1,E5,autoclaved ASW,5,0,4,1,1 round and underdeveloped,NV_FL_G1_C_101317_B1_E5.png,459.12,168.462806,None,101317_C_B1_E5,Unknown,4
NV_FL_G1_G_011318_B1_E5,1/13/18,112.00,NikonSMZ1500/DSRi1/ 1X by 1Xzoom ratio/0.5cm=5000um,measurement in um,Gentamycin,None,B1,E5,autoclaved ASW,2,0,2,0,Reading after several attempts to feed and retrieve Nematostella,NV_FL_G1_G_011318_B1_E5.png,461.95,10.81873375,None,None,Unknown,2
NV_FL_G1_R_020118_B3_E1,2/1/18,130.00,NikonSMZ1500/DSRi1/ 1X by 1Xzoom ratio/0.5cm=5000um,measurement in um,Gentamycin_Rescue,None,B3,E1,autoclaved ASW,3,0,3,0,,NV_FL_G1_R_020118_B3_E1.png,464.1666667,35.32482602,None,None,Unknown,3
NV_FL_G1_R_020818_C3_E5,2/8/18,138.00,NikonSMZ1500/DSRi1/ 1X by 1Xzoom ratio/0.5cm=5000um,measurement in um,Gentamycin_Rescue,None,C3,E5,autoclaved ASW,3,0,3,0,,NV_FL_G1_R_020818_C3_E5.png,466.8,117.1971416,None,None,Unknown,3
NV_FL_G1_C_111617_B1_E5,11/16/17,52.00,NikonSMZ1500/DSRi1/ 1X by 1Xzoom ratio/0.5cm=5000um,measurement in um,Control,None,B1,E5,autoclaved ASW (minus 500ul) +500ul fresh Autoclaved ASW,4,1,3,0,,NV_FL_G1_C_111617_B1_E5.png,466.825,211.3240699,None,None,Unknown,4
NV_FL_G1_C_021918_C2_E4,2/19/18,149.00,NikonSMZ1500/DSRi1/ 1X by 1Xzoom ratio/0.5cm=5000um,measurement in um,Control,None,C2,E4,autoclaved ASW,1,0,1,0,Another feeding attempted prior to reading.No favorable outcome.,NV_FL_G1_C_021918_C2_E4.png,467.4,None,None,None,Unknown,1
NV_FL_G1_C_100317_B1_E5,10/3/17,12.00,NikonSMZ1500/DSRi1/ 1X by 1Xzoom ratio/0.5cm=5000um,measurement in um,Control,None,B1,E5,autoclaved ASW,5,0,5,0,Only 5 visible,NV_FL_G1_C_100317_B1_E5.png,470.5833333,172.3590835,None,100317_C_B1_E5,Unknown,5
NV_FL_G1_R_100317_B2_E6,10/3/17,12.00,NikonSMZ1500/DSRi1/ 1X by 1Xzoom ratio/0.5cm=5000um,measurement in um,Gentamycin_Rescue,50ug/ml,B2,E6,autoclaved ASW,5,0,5,0,Only 5 visible,NV_FL_G1_R_100317_B2_E6.png,470.72,134.4468185,None,100317_R_B2_E6,Unknown,4
NV_FL_G1_C_020818_C2_E4,2/8/18,138.00,NikonSMZ1500/DSRi1/ 1X by 1Xzoom ratio/0.5cm=5000um,measurement in um,Control,None,C2,E4,autoclaved ASW,1,0,1,0,,NV_FL_G1_C_020818_C2_E4.png,473,None,None,None,Unknown,1
NV_FL_G1_G_020818_B2_E6,2/8/18,138.00,NikonSMZ1500/DSRi1/ 1X by 1Xzoom ratio/0.5cm=5000um,measurement in um,Gentamycin,None,B2,E6,autoclaved ASW,2,0,2,0,,NV_FL_G1_G_020818_B2_E6.png,473.85,184.9084233,None,None,Unknown,2
NV_FL_G1_C_100917_A2_E2,10/9/17,17.00,NikonSMZ1500/DSRi1/ 1X by 1Xzoom ratio/0.5cm=5000um,measurement in um,Control,None,A2,E2,autoclaved ASW,3,1,2,0,Only 3 visible,NV_FL_G1_C_100917_A2_E2.png,474.6333333,124.5504449,100917_C_A2_E2,None,Unknown,2
NV_FL_G1_C_100917_C1_E3,10/9/17,17.00,NikonSMZ1500/DSRi1/ 1X by 1Xzoom ratio/0.5cm=5000um,measurement in um,Control,None,C1,E3,autoclaved ASW,4,0,3,0,Only 4 visible,NV_FL_G1_C_100917_C1_E3.png,475.55,154.7492703,None,100917_C_C1_E3,Unknown,3
NV_FL_G1_C_112917_C1_E3,11/29/17,68.00,NikonSMZ1500/DSRi1/ 1X by 1Xzoom ratio/0.5cm=5000um,measurement in um,Control,None,C1,E3,autoclaved ASW (minus 500ul) +500ul fresh Autoclaved ASW,2,0,2,0,,NV_FL_G1_C_112917_C1_E3.png,480.05,113.0663743,None,None,Unknown,2
NV_FL_G1_C_100917_B2_E6,10/9/17,17.00,NikonSMZ1500/DSRi1/ 1X by 1Xzoom ratio/0.5cm=5000um,measurement in um,Control,None,B2,E6,autoclaved ASW,4,0,4,0,Only 4 visible,NV_FL_G1_C_100917_B2_E6.png,482.175,207.2860885,None,100917_C_B2_E6,Unknown,3
NV_FL_G1_G_100317_B3_E1,10/3/17,12.00,NikonSMZ1500/DSRi1/ 1X by 1Xzoom ratio/0.5cm=5000um,measurement in um,Gentamycin,50ug/ml,B3,E1,autoclaved ASW,5,0,2,0,"Only 3 visible,many fragments",NV_FL_G1_G_100317_B3_E1.png,482.5333333,227.5623065,None,100317_G_B3_E1,Unknown,2
NV_FL_G1_C_112117_C1_E3,11/21/17,59.00,NikonSMZ1500/DSRi1/ 1X by 1Xzoom ratio/0.5cm=5000um,measurement in um,Control,None,C1,E3,autoclaved ASW (minus 500ul) +500ul fresh Autoclaved ASW,2,0,2,0,,NV_FL_G1_C_112117_C1_E3.png,483.3,121.3395237,None,None,Unknown,2
NV_FL_G1_R_112117_C4_E6,11/21/17,59.00,NikonSMZ1500/DSRi1/ 1X by 1Xzoom ratio/0.5cm=5000um,measurement in um,Gentamycin_Rescue,None,C4,E6,autoclaved ASW,5,0,3,0,fragmented tissue seems to have regenerated into Nematostella ,NV_FL_G1_R_112117_C4_E6.png,484.02,142.1591608,None,None,Unknown,5
NV_FL_G1_R_101317_B2_E6,10/13/17,21.00,NikonSMZ1500/DSRi1/ 1X by 1Xzoom ratio/0.5cm=5000um,measurement in um,Gentamycin_Rescue,50ug/ml,B2,E6,autoclaved ASW,4,0,4,0,,NV_FL_G1_R_101317_B2_E6.png,486.825,159.9819235,None,101317_R_B2_E6,Unknown,3
NV_FL_G1_C_111617_C1_E3,11/16/17,52.00,NikonSMZ1500/DSRi1/ 1X by 1Xzoom ratio/0.5cm=5000um,measurement in um,Control,None,C1,E3,autoclaved ASW (minus 500ul) +500ul fresh Autoclaved ASW,1,0,2,0,,NV_FL_G1_C_111617_C1_E3.png,487.2,116.5311975,None,None,Unknown,2
NV_FL_G1_R_112917_C4_E6,11/29/17,68.00,NikonSMZ1500/DSRi1/ 1X by 1Xzoom ratio/0.5cm=5000um,measurement in um,Gentamycin_Rescue,None,C4,E6,1.5ml autoclaved ASW+500ul ASW from corresponding control well ID (well to well ID match),5,0,3,0,,NV_FL_G1_R_112917_C4_E6.png,490.58,143.0894021,None,None,Unknown,5
NV_FL_G1_C_021918_B3_E1,2/19/18,149.00,NikonSMZ1500/DSRi1/ 1X by 1Xzoom ratio/0.5cm=5000um,measurement in um,Control,None,B3,E1,autoclaved ASW,1,0,1,0,Another feeding attempted prior to reading.No favorable outcome.,NV_FL_G1_C_021918_B3_E1.png,493.6,None,None,None,Unknown,1
NV_FL_G1_C_020118_B2_E6,2/1/18,130.00,NikonSMZ1500/DSRi1/ 1X by 1Xzoom ratio/0.5cm=5000um,measurement in um,Control,None,B2,E6,autoclaved ASW,3,0,3,0,,NV_FL_G1_C_020118_B2_E6.png,494.4,132.0518459,None,None,Unknown,3
NV_FL_G1_R_011318_C3_E5,1/13/18,112.00,NikonSMZ1500/DSRi1/ 1X by 1Xzoom ratio/0.5cm=5000um,measurement in um,Gentamycin_Rescue,None,C3,E5,autoclaved ASW,1,0,0,1,Reading after several attempts to feed and retrieve Nematostella,NV_FL_G1_R_011318_C3_E5.png,494.6,22.34457429,None,None,Unknown,2
NV_FL_G1_G_100917_B2_E6,10/9/17,17.00,NikonSMZ1500/DSRi1/ 1X by 1Xzoom ratio/0.5cm=5000um,measurement in um,Gentamycin,50ug/ml,B2,E6,autoclaved ASW,5,0,3,0,all look visiblyhealthy ,NV_FL_G1_G_100917_B2_E6.png,496.84,186.5434212,None,100917_G_B2_E6,Unknown,4
NV_FL_G1_C_100917_A1_E1,10/9/17,17.00,NikonSMZ1500/DSRi1/ 1X by 1Xzoom ratio/0.5cm=5000um,measurement in um,Control,None,A1,E1,autoclaved ASW,4,0,4,0,"Only 4 visible,fragmented opaque tissue pieces",NV_FL_G1_C_100917_A1_E1.png,500.175,197.1671097,100917_C_A1_E1,None,Unknown,3
NV_FL_G1_R_100317_C3_E5,10/3/17,12.00,NikonSMZ1500/DSRi1/ 1X by 1Xzoom ratio/0.5cm=5000um,measurement in um,Gentamycin_Rescue,50ug/ml,C3,E5,autoclaved ASW,6,0,5,0,None,NV_FL_G1_R_100317_C3_E5.png,500.95,180.7431631,None,100317_R_C3_E5,Unknown,5
NV_FL_G1_G_100317_C3_E5,10/3/17,12.00,NikonSMZ1500/DSRi1/ 1X by 1Xzoom ratio/0.5cm=5000um,measurement in um,Gentamycin,50ug/ml,C3,E5,autoclaved ASW,6,0,5,0,Only 5 visible,NV_FL_G1_G_100317_C3_E5.png,501.25,101.2670677,None,100317_G_C3_E5,Unknown,5
NV_FL_G1_R_100917_C4_E6,10/9/17,17.00,NikonSMZ1500/DSRi1/ 1X by 1Xzoom ratio/0.5cm=5000um,measurement in um,Gentamycin_Rescue,50ug/ml,C4,E6,autoclaved ASW,5,0,3,0,no broken fragments,NV_FL_G1_R_100917_C4_E6.png,504.4333333,108.7640259,None,100917_G_C4_E6,Unknown,3
NV_FL_G1_C_112117_C3_E5,11/21/17,59.00,NikonSMZ1500/DSRi1/ 1X by 1Xzoom ratio/0.5cm=5000um,measurement in um,Control,None,C3,E5,autoclaved ASW (minus 500ul) +500ul fresh Autoclaved ASW,4,0,3,0,,NV_FL_G1_C_112117_C3_E5.png,505.375,152.2511385,None,None,Unknown,4
NV_FL_G1_R_101317_C4_E6,10/13/17,21.00,NikonSMZ1500/DSRi1/ 1X by 1Xzoom ratio/0.5cm=5000um,measurement in um,Gentamycin_Rescue,50ug/ml,C4,E6,autoclaved ASW,4,0,4,0,,NV_FL_G1_R_101317_C4_E6.png,506.85,220.9957541,None,101317_R_C4_E6,Unknown,3
NV_FL_G1_C_100917_B1_E5,10/9/17,17.00,NikonSMZ1500/DSRi1/ 1X by 1Xzoom ratio/0.5cm=5000um,measurement in um,Control,None,B1,E5,autoclaved ASW,4,0,4,0,Only 4 visible,NV_FL_G1_C_100917_B1_E5.png,507.075,297.4596037,None,100917_C_B1_E5,Unknown,3
NV_FL_G1_C_101317_C2_E4,10/13/17,21.00,NikonSMZ1500/DSRi1/ 1X by 1Xzoom ratio/0.5cm=5000um,measurement in um,Control,None,C2,E4,autoclaved ASW,3,0,3,0,Only 3 visible,NV_FL_G1_C_101317_C2_E4.png,513.2666667,126.3193308,None,101317_C_C2_E4,Unknown,2
NV_FL_G1_G_112117_A1_E1,11/21/17,59.00,NikonSMZ1500/DSRi1/ 1X by 1Xzoom ratio/0.5cm=5000um,measurement in um,Gentamycin,None,A1,E1,autoclaved ASW,1,0,1,0,,NV_FL_G1_G_112117_A1_E1.png,513.7,None,None,None,Unknown,1
NV_FL_G1_R_111617_B4_E2,11/16/17,52.00,NikonSMZ1500/DSRi1/ 1X by 1Xzoom ratio/0.5cm=5000um,measurement in um,Rescue,None,B4,E2,1.5ml autoclaved ASW+500ul ASW from corresponding control well ID (well to well ID match),2,0,2,0,no fragmented pieces,NV_FL_G1_R_111617_B4_E2.png,515.5,91.35819613,None,None,Unknown,2
NV_FL_G1_R_100917_A4_E4,10/9/17,17.00,NikonSMZ1500/DSRi1/ 1X by 1Xzoom ratio/0.5cm=5000um,measurement in um,Gentamycin_Rescue,50ug/ml,A4,E4,autoclaved ASW,4,0,3,1,1 is round and underdeveloped,NV_FL_G1_R_100917_A4_E4.png`,516.65,310.5029952,None,100917_G_A4_E4,Unknown,3
NV_FL_G1_R_112117_B3_E1,11/21/17,59.00,NikonSMZ1500/DSRi1/ 1X by 1Xzoom ratio/0.5cm=5000um,measurement in um,Gentamycin_Rescue,None,B3,E1,1.5ml autoclaved ASW+500ul ASW from corresponding control well ID (well to well ID match),5,3,3,0,fragmented tissue seems to have regenerated into Nematostella ,NV_FL_G1_R_112117_B3_E1.png,516.84,148.1897534,None,None,Unknown,5
NV_FL_G1_C_112917_C3_E5,11/29/17,68.00,NikonSMZ1500/DSRi1/ 1X by 1Xzoom ratio/0.5cm=5000um,measurement in um,Control,None,C3,E5,autoclaved ASW (minus 500ul) +500ul fresh Autoclaved ASW,4,0,3,0,,NV_FL_G1_C_112917_C3_E5.png,517.9,148.8113571,None,None,Unknown,4
NV_FL_G1_C_101317_A3_E3,10/13/17,21.00,NikonSMZ1500/DSRi1/ 1X by 1Xzoom ratio/0.5cm=5000um,measurement in um,Control,None,A3,E3,autoclaved ASW,2,0,2,1,Only 2 visible,NV_FL_G1_C_101317_A3_E3.png,521.9,155.5634919,101317_C_A3_E3,None,Unknown,1
NV_FL_G1_G_112917_A1_E1,11/29/17,68.00,NikonSMZ1500/DSRi1/ 1X by 1Xzoom ratio/0.5cm=5000um,measurement in um,Gentamycin,None,A1,E1,autoclaved ASW,1,0,1,0,,NV_FL_G1_G_112917_A1_E1.png,522.8,None,None,None,Unknown,1
NV_FL_G1_R_100917_B4_E2,10/9/17,17.00,NikonSMZ1500/DSRi1/ 1X by 1Xzoom ratio/0.5cm=5000um,measurement in um,Gentamycin_Rescue,50ug/ml,B4,E2,autoclaved ASW,3,0,3,0,"Only 3 visible, no eukaryotic microbes",NV_FL_G1_R_100917_B4_E2.png,523.6666667,200.9781166,None,100917_G_B4_E2,Unknown,2
NV_FL_G1_C_101317_B2_E6,10/13/17,21.00,NikonSMZ1500/DSRi1/ 1X by 1Xzoom ratio/0.5cm=5000um,measurement in um,Control,None,B2,E6,autoclaved ASW,5,1,4,1,1 underdeveloped but motile,NV_FL_G1_C_101317_B2_E6.png,525.16,198.3820758,None,101317_C_B2_E6,Unknown,4
NV_FL_G1_R_112917_B3_E1,11/29/17,68.00,NikonSMZ1500/DSRi1/ 1X by 1Xzoom ratio/0.5cm=5000um,measurement in um,Gentamycin_Rescue,None,B3,E1,1.5ml autoclaved ASW+500ul ASW from corresponding control well ID (well to well ID match),5,3,3,0,,NV_FL_G1_R_112917_B3_E1.png,525.72,145.5602865,None,None,Unknown,5
NV_FL_G1_R_100917_B3_E1,10/9/17,17.00,NikonSMZ1500/DSRi1/ 1X by 1Xzoom ratio/0.5cm=5000um,measurement in um,Gentamycin_Rescue,50ug/ml,B3,E1,autoclaved ASW,6,0,5,1,22.25 looks like a viable breakaway piece.,NV_FL_G1_R_100917_B3_E1.png,529.3833333,249.4911334,None,100917_G_B3_E1,Unknown,5
NV_FL_G1_C_020818_B3_E1,2/8/18,138.00,NikonSMZ1500/DSRi1/ 1X by 1Xzoom ratio/0.5cm=5000um,measurement in um,Control,None,B3,E1,autoclaved ASW,1,0,1,0,,NV_FL_G1_C_020818_B3_E1.png,531.8,None,None,None,Unknown,1
NV_FL_G1_R_101317_A3_E3,10/13/17,21.00,NikonSMZ1500/DSRi1/ 1X by 1Xzoom ratio/0.5cm=5000um,measurement in um,Gentamycin_Rescue,50ug/ml,A3,E3,autoclaved ASW,3,1,2,1,1 abnormal,NV_FL_G1_R_101317_A3_E3.png,534.1333333,52.10722918,101317_R_A3_E3,None,Unknown,2
NV_FL_G1_G_101317_B1_E5,10/13/17,21.00,NikonSMZ1500/DSRi1/ 1X by 1Xzoom ratio/0.5cm=5000um,measurement in um,Gentamycin,50ug/ml,B1,E5,autoclaved ASW,3,0,2,1,1 round and underdeveloped,NV_FL_G1_G_101317_B1_E5.png,534.8666667,266.5339065,None,101317_G_B1_E5,Unknown,2
NV_FL_G1_C_101317_B3_E1,10/13/17,21.00,NikonSMZ1500/DSRi1/ 1X by 1Xzoom ratio/0.5cm=5000um,measurement in um,Control,None,B3,E1,autoclaved ASW,3,0,3,0,Only 3 visible,NV_FL_G1_C_101317_B3_E1.png,534.9,166.0693831,None,101317_C_B3_E1,Unknown,2
NV_FL_G1_C_100317_C3_E5,10/3/17,12.00,NikonSMZ1500/DSRi1/ 1X by 1Xzoom ratio/0.5cm=5000um,measurement in um,Control,None,C3,E5,autoclaved ASW,5,4,0,0,few fragments. few microbes,NV_FL_G1_C_100317_C3_E5.png,537.06,276.5607854,None,100317_C_C3_E5,Unknown,4
NV_FL_G1_G_101317_C4_E6,10/13/17,21.00,NikonSMZ1500/DSRi1/ 1X by 1Xzoom ratio/0.5cm=5000um,measurement in um,Gentamycin,50ug/ml,C4,E6,autoclaved ASW,4,0,4,0,,NV_FL_G1_G_101317_C4_E6.png,537.85,172.6112685,None,101317_G_C4_E6,Unknown,3
NV_FL_G1_G_112117_C4_E6,11/21/17,59.00,NikonSMZ1500/DSRi1/ 1X by 1Xzoom ratio/0.5cm=5000um,measurement in um,Gentamycin,None,C4,E6,autoclaved ASW,3,0,3,0,,NV_FL_G1_G_112117_C4_E6.png,540.4333333,45.24404197,None,None,Unknown,3
NV_FL_G1_R_111617_B1_E5,11/16/17,52.00,NikonSMZ1500/DSRi1/ 1X by 1Xzoom ratio/0.5cm=5000um,measurement in um,Rescue,None,B1,E5,1.5ml autoclaved ASW+500ul ASW from corresponding control well ID (well to well ID match),1,0,1,0,no fragmented pieces,NV_FL_G1_R_111617_B1_E5.png,540.5,#DIV/0!,None,None,Unknown,1
NV_FL_G1_C_111617_C2_E4,11/16/17,52.00,NikonSMZ1500/DSRi1/ 1X by 1Xzoom ratio/0.5cm=5000um,measurement in um,Control,None,C2,E4,autoclaved ASW (minus 500ul) +500ul fresh Autoclaved ASW,3,0,3,0,,NV_FL_G1_C_111617_C2_E4.png,540.6666667,58.24726031,None,None,Unknown,3
NV_FL_G1_R_112117_C2_E4,11/21/17,59.00,NikonSMZ1500/DSRi1/ 1X by 1Xzoom ratio/0.5cm=5000um,measurement in um,Gentamycin_Rescue,None,C2,E4,1.5ml autoclaved ASW+500ul ASW from corresponding control well ID (well to well ID match),2,0,1,0,,NV_FL_G1_R_112117_C2_E4.png,540.95,202.7275142,None,None,Unknown,2
NV_FL_G1_R_100917_B1_E5,10/9/17,17.00,NikonSMZ1500/DSRi1/ 1X by 1Xzoom ratio/0.5cm=5000um,measurement in um,Gentamycin_Rescue,50ug/ml,B1,E5,autoclaved ASW,4,0,4,0,no broken fragments,NV_FL_G1_R_100917_B1_E5.png,543.1,189.9794375,None,100917_G_B1_E5,Unknown,3
NV_FL_G1_R_112917_C2_E4,11/29/17,68.00,NikonSMZ1500/DSRi1/ 1X by 1Xzoom ratio/0.5cm=5000um,measurement in um,Gentamycin_Rescue,None,C2,E4,1.5ml autoclaved ASW+500ul ASW from corresponding control well ID (well to well ID match),2,0,1,0,,NV_FL_G1_R_112917_C2_E4.png,544.05,205.1316772,None,None,Unknown,2
NV_FL_G1_R_112117_C3_E5,11/21/17,59.00,NikonSMZ1500/DSRi1/ 1X by 1Xzoom ratio/0.5cm=5000um,measurement in um,Gentamycin_Rescue,None,C3,E5,1.5ml autoclaved ASW+500ul ASW from corresponding control well ID (well to well ID match),6,0,3,0,fragmented tissue seems to have regenerated into Nematostella ,NV_FL_G1_R_112117_C3_E5.png,545.0333333,156.5134456,None,None,Unknown,6
NV_FL_G1_G_112917_C4_E6,11/29/17,68.00,NikonSMZ1500/DSRi1/ 1X by 1Xzoom ratio/0.5cm=5000um,measurement in um,Gentamycin,None,C4,E6,autoclaved ASW,3,0,3,0,,NV_FL_G1_G_112917_C4_E6.png,546.3,48.08939592,None,None,Unknown,3
NV_FL_G1_C_020818_B2_E6,2/8/18,138.00,NikonSMZ1500/DSRi1/ 1X by 1Xzoom ratio/0.5cm=5000um,measurement in um,Control,None,B2,E6,autoclaved ASW,4,0,4,0,,NV_FL_G1_C_020818_B2_E6.png,546.425,155.9448059,None,None,Unknown,4
NV_FL_G1_C_112117_B1_E5,11/21/17,59.00,NikonSMZ1500/DSRi1/ 1X by 1Xzoom ratio/0.5cm=5000um,measurement in um,Control,None,B1,E5,autoclaved ASW (minus 500ul) +500ul fresh Autoclaved ASW,3,0,2,0,no fragmented pieces,NV_FL_G1_C_112117_B1_E5.png,547.0666667,362.2805865,None,None,Unknown,3
NV_FL_G1_R_111617_C3_E5,11/16/17,52.00,NikonSMZ1500/DSRi1/ 1X by 1Xzoom ratio/0.5cm=5000um,measurement in um,Rescue,None,C3,E5,1.5ml autoclaved ASW+500ul ASW from corresponding control well ID (well to well ID match),4,0,4,0,no fragmented pieces,NV_FL_G1_R_111617_C3_E5.png,547.125,166.7566166,None,None,Unknown,4
NV_FL_G1_R_112917_C3_E5,11/29/17,68.00,NikonSMZ1500/DSRi1/ 1X by 1Xzoom ratio/0.5cm=5000um,measurement in um,Gentamycin_Rescue,None,C3,E5,1.5ml autoclaved ASW+500ul ASW from corresponding control well ID (well to well ID match),6,0,1,0,,NV_FL_G1_R_112917_C3_E5.png,550.3833333,158.0824015,None,None,Unknown,6
NV_FL_G1_R_100917_C2_E4,10/9/17,17.00,NikonSMZ1500/DSRi1/ 1X by 1Xzoom ratio/0.5cm=5000um,measurement in um,Gentamycin_Rescue,50ug/ml,C2,E4,autoclaved ASW,5,0,4,1,one seems immature,NV_FL_G1_R_100917_C2_E4.png,551.3666667,279.641598,None,100917_G_C2_E4,Unknown,2
NV_FL_G1_R_111617_B3_E1,11/16/17,52.00,NikonSMZ1500/DSRi1/ 1X by 1Xzoom ratio/0.5cm=5000um,measurement in um,Rescue,None,B3,E1,1.5ml autoclaved ASW+500ul ASW from corresponding control well ID (well to well ID match),5,0,5,0,no fragmented pieces,NV_FL_G1_R_111617_B3_E1.png,552.26,137.9971123,None,None,Unknown,5
NV_FL_G1_G_100317_A1_E1,10/3/17,12.00,NikonSMZ1500/DSRi1/ 1X by 1Xzoom ratio/0.5cm=5000um,measurement in um,Gentamycin,50ug/ml,A1,E1,autoclaved ASW,3,0,3,2,Many broken and fragmented tissue pieces. Many visible microbes,NV_FL_G1_G_100317_A1_E1.png,555.3,88.35343796,100317_G_A1_E1,None,Unknown,2
NV_FL_G1_C_112917_B1_E5,11/29/17,68.00,NikonSMZ1500/DSRi1/ 1X by 1Xzoom ratio/0.5cm=5000um,measurement in um,Control,None,B1,E5,autoclaved ASW (minus 500ul) +500ul fresh Autoclaved ASW,3,0,2,0,,NV_FL_G1_C_112917_B1_E5.png,556.6666667,364.4205446,None,None,Unknown,3
NV_FL_G1_G_100917_B1_E5,10/9/17,17.00,NikonSMZ1500/DSRi1/ 1X by 1Xzoom ratio/0.5cm=5000um,measurement in um,Gentamycin,50ug/ml,B1,E5,autoclaved ASW,4,0,4,0,Only 4 visible,NV_FL_G1_G_100917_B1_E5.png,558.375,124.8235121,None,100917_G_B1_E5,Unknown,3
NV_FL_G1_C_101317_C3_E5,10/13/17,21.00,NikonSMZ1500/DSRi1/ 1X by 1Xzoom ratio/0.5cm=5000um,measurement in um,Control,None,C3,E5,autoclaved ASW,5,0,5,0,,NV_FL_G1_C_101317_C3_E5.png,562.26,119.2021728,None,101317_C_C3_E5,Unknown,4
NV_FL_G1_G_101317_B2_E6,10/13/17,21.00,NikonSMZ1500/DSRi1/ 1X by 1Xzoom ratio/0.5cm=5000um,measurement in um,Gentamycin,50ug/ml,B2,E6,autoclaved ASW,3,0,3,0,,NV_FL_G1_G_101317_B2_E6.png,567,75.50019868,None,101317_G_B2_E6,Unknown,2
NV_FL_G1_R_112117_B1_E5,11/21/17,59.00,NikonSMZ1500/DSRi1/ 1X by 1Xzoom ratio/0.5cm=5000um,measurement in um,Gentamycin_Rescue,None,B1,E5,1.5ml autoclaved ASW+500ul ASW from corresponding control well ID (well to well ID match),3,0,3,0,,NV_FL_G1_R_112117_B1_E5.png,567.6333333,5.795112884,None,None,Unknown,3
NV_FL_G1_C_112117_C2_E4,11/21/17,59.00,NikonSMZ1500/DSRi1/ 1X by 1Xzoom ratio/0.5cm=5000um,measurement in um,Control,None,C2,E4,autoclaved ASW (minus 500ul) +500ul fresh Autoclaved ASW,2,0,2,0,,NV_FL_G1_C_112117_C2_E4.png,569.15,92.13601359,None,None,Unknown,2
NV_FL_G1_C_101317_C1_E3,10/13/17,21.00,NikonSMZ1500/DSRi1/ 1X by 1Xzoom ratio/0.5cm=5000um,measurement in um,Control,None,C1,E3,autoclaved ASW,3,0,3,0,Only 3 visible,NV_FL_G1_C_101317_C1_E3.png,570.7666667,149.2977004,None,101317_C_C1_E3,Unknown,2
NV_FL_G1_R_112117_A4_E4,11/21/17,59.00,NikonSMZ1500/DSRi1/ 1X by 1Xzoom ratio/0.5cm=5000um,measurement in um,Gentamycin_Rescue,None,A4,E4,1.5ml autoclaved ASW+500ul ASW from corresponding control well ID (well to well ID match),2,0,2,0,,NV_FL_G1_R_112117_A4_E4.png,570.9,20.64751801,None,None,Unknown,2
NV_FL_G1_R_111617_C2_E4,11/16/17,52.00,NikonSMZ1500/DSRi1/ 1X by 1Xzoom ratio/0.5cm=5000um,measurement in um,Rescue,None,C2,E4,1.5ml autoclaved ASW+500ul ASW from corresponding control well ID (well to well ID match),2,0,2,0,no fragmented pieces,NV_FL_G1_R_111617_C2_E4.png,571.3,243.5275754,None,None,Unknown,2
NV_FL_G1_R_112117_B4_E2,11/21/17,59.00,NikonSMZ1500/DSRi1/ 1X by 1Xzoom ratio/0.5cm=5000um,measurement in um,Gentamycin_Rescue,None,B4,E2,1.5ml autoclaved ASW+500ul ASW from corresponding control well ID (well to well ID match),2,0,3,0,,NV_FL_G1_R_112117_B4_E6.png,572.45,63.14463556,None,None,Unknown,2
NV_FL_G1_R_112917_A4_E4,11/29/17,68.00,NikonSMZ1500/DSRi1/ 1X by 1Xzoom ratio/0.5cm=5000um,measurement in um,Gentamycin_Rescue,None,A4,E4,1.5ml autoclaved ASW+500ul ASW from corresponding control well ID (well to well ID match),2,0,2,0,,NV_FL_G1_R_112917_A4_E4.png,572.6,20.64751801,None,None,Unknown,2
NV_FL_G1_G_101317_B3_E1,10/13/17,21.00,NikonSMZ1500/DSRi1/ 1X by 1Xzoom ratio/0.5cm=5000um,measurement in um,Gentamycin,50ug/ml,B3,E1,autoclaved ASW,3,0,2,1,1 long and very elongated ,NV_FL_G1_G_101317_B3_E1.png,573.5666667,354.0014171,None,101317_G_B3_E1,Unknown,2
NV_FL_G1_R_112917_B4_E2,11/29/17,68.00,NikonSMZ1500/DSRi1/ 1X by 1Xzoom ratio/0.5cm=5000um,measurement in um,Gentamycin_Rescue,None,B4,E2,1.5ml autoclaved ASW+500ul ASW from corresponding control well ID (well to well ID match),3,0,3,0,,NV_FL_G1_R_112917_B4_E2.png,574.55,64.41742777,None,None,Unknown,2
NV_FL_G1_R_101317_B3_E1,10/13/17,21.00,NikonSMZ1500/DSRi1/ 1X by 1Xzoom ratio/0.5cm=5000um,measurement in um,Gentamycin_Rescue,50ug/ml,B3,E1,autoclaved ASW,4,0,4,0,,NV_FL_G1_R_101317_B3_E1.png,577.825,161.2655858,None,101317_R_B3_E1,Unknown,3
NV_FL_G1_C_112917_C2_E4,11/29/17,68.00,NikonSMZ1500/DSRi1/ 1X by 1Xzoom ratio/0.5cm=5000um,measurement in um,Control,None,C2,E4,autoclaved ASW (minus 500ul) +500ul fresh Autoclaved ASW,2,0,2,0,,NV_FL_G1_C_112917_C2_E4.png,582.6,98.71210665,None,None,Unknown,2
NV_FL_G1_C_011318_B3_E1,1/13/18,112.00,NikonSMZ1500/DSRi1/ 1X by 1Xzoom ratio/0.5cm=5000um,measurement in um,Control,None,B3,E1,autoclaved ASW,1,0,1,0,Reading after several attempts to feed and retrieve Nematostella,NV_FL_G1_C_011318_B3_E1.png,587.8,None,None,None,Unknown,1
NV_FL_G1_R_011318_C2_E4,1/13/18,112.00,NikonSMZ1500/DSRi1/ 1X by 1Xzoom ratio/0.5cm=5000um,measurement in um,Gentamycin_Rescue,None,C2,E4,autoclaved ASW,2,0,2,0,Reading after several attempts to feed and retrieve Nematostella,NV_FL_G1_R_011318_C2_E4.png,589.1,None,None,None,Unknown,1
NV_FL_G1_G_101317_C3_E5,10/13/17,21.00,NikonSMZ1500/DSRi1/ 1X by 1Xzoom ratio/0.5cm=5000um,measurement in um,Gentamycin,50ug/ml,C3,E5,autoclaved ASW,4,0,4,0,,NV_FL_G1_G_101317_C3_E5.png,589.35,121.3539314,None,101317_G_C3_E5,Unknown,3
NV_FL_G1_R_112117_B2_E6,11/21/17,59.00,NikonSMZ1500/DSRi1/ 1X by 1Xzoom ratio/0.5cm=5000um,measurement in um,Gentamycin_Rescue,None,B2,E6,1.5ml autoclaved ASW+500ul ASW from corresponding control well ID (well to well ID match),2,0,2,0,,NV_FL_G1_R_112117_B2_E6.png,590.4,51.61879503,None,None,Unknown,2
NV_FL_G1_G_101317_A4_E4,10/13/17,21.00,NikonSMZ1500/DSRi1/ 1X by 1Xzoom ratio/0.5cm=5000um,measurement in um,Gentamycin,50ug/ml,A4,E4,autoclaved ASW,2,0,2,0,only2,NV_FL_G1_G_101317_A4_E4.png,591.5,153.5835929,None,101317_G_A4_E4,Unknown,1
NV_FL_G1_G_112117_C3_E5,11/21/17,59.00,NikonSMZ1500/DSRi1/ 1X by 1Xzoom ratio/0.5cm=5000um,measurement in um,Gentamycin,None,C3,E5,autoclaved ASW,1,0,1,0,,NV_FL_G1_G_112117_C3_E5.png,592.3,None,None,None,Unknown,1
NV_FL_G1_G_100917_A4_E4,10/9/17,17.00,NikonSMZ1500/DSRi1/ 1X by 1Xzoom ratio/0.5cm=5000um,measurement in um,Gentamycin,50ug/ml,A4,E4,autoclaved ASW,3,0,3,0,Only 3 visible,NV_FL_G1_G_100917_A4_E4.png,593.2666667,237.2850044,None,100917_G_A4_E4,Unknown,2
NV_FL_G1_G_100917_C1_E3,10/9/17,17.00,NikonSMZ1500/DSRi1/ 1X by 1Xzoom ratio/0.5cm=5000um,measurement in um,Gentamycin,50ug/ml,C1,E3,autoclaved ASW,3,0,2,1,"round tissue, looks viable",NV_FL_G1_G_100917_C1_E3.png,594.875,105.4333083,None,100917_G_C1_E3,Unknown,3
NV_FL_G1_R_111617_B2_E6,11/16/17,52.00,NikonSMZ1500/DSRi1/ 1X by 1Xzoom ratio/0.5cm=5000um,measurement in um,Rescue,None,B2,E6,1.5ml autoclaved ASW+500ul ASW from corresponding control well ID (well to well ID match),1,0,1,0,no fragmented pieces,NV_FL_G1_R_111617_B2_E6.png,596.3,#DIV/0!,None,None,Unknown,1
NV_FL_G1_G_100917_C4_E6,10/9/17,17.00,NikonSMZ1500/DSRi1/ 1X by 1Xzoom ratio/0.5cm=5000um,measurement in um,Gentamycin,50ug/ml,C4,E6,autoclaved ASW,5,0,5,0,there seem to be newly generated nematostella,NV_FL_G1_G_100917_C4_E6.png,596.32,214.0482586,None,100917_G_C4_E6,Unknown,4
NV_FL_G1_R_112917_B1_E5,11/29/17,68.00,NikonSMZ1500/DSRi1/ 1X by 1Xzoom ratio/0.5cm=5000um,measurement in um,Gentamycin_Rescue,None,B1,E5,1.5ml autoclaved ASW+500ul ASW from corresponding control well ID (well to well ID match),3,0,3,0,,NV_FL_G1_R_112917_B1_E5.png,597.05,49.14392129,None,None,Unknown,2
NV_FL_G1_R_112917_B2_E6,11/29/17,68.00,NikonSMZ1500/DSRi1/ 1X by 1Xzoom ratio/0.5cm=5000um,measurement in um,Gentamycin_Rescue,None,B2,E6,1.5ml autoclaved ASW+500ul ASW from corresponding control well ID (well to well ID match),2,0,2,0,,NV_FL_G1_R_112917_B2_E6.png,597.05,49.14392129,None,None,Unknown,2
NV_FL_G1_C_020118_B3_E1,2/1/18,130.00,NikonSMZ1500/DSRi1/ 1X by 1Xzoom ratio/0.5cm=5000um,measurement in um,Control,None,B3,E1,autoclaved ASW,1,0,1,0,,NV_FL_G1_C_020118_B3_E1.png,598,None,None,None,Unknown,1
NV_FL_G1_C_101317_A4_E4,10/13/17,21.00,NikonSMZ1500/DSRi1/ 1X by 1Xzoom ratio/0.5cm=5000um,measurement in um,Control,None,A4,E4,autoclaved ASW,1,0,1,0,0nly1 left,NV_FL_G1_C_101317_A4_E4.png,601,None,None,101317_C_A4_E4,Unknown,0
NV_FL_G1_G_112917_C3_E5,11/29/17,68.00,NikonSMZ1500/DSRi1/ 1X by 1Xzoom ratio/0.5cm=5000um,measurement in um,Gentamycin,None,C3,E5,autoclaved ASW,1,0,1,0,,NV_FL_G1_G_112917_C3_E5.png,603.7,None,None,None,Unknown,1
NV_FL_G1_C_112117_B3_E1,11/21/17,59.00,NikonSMZ1500/DSRi1/ 1X by 1Xzoom ratio/0.5cm=5000um,measurement in um,Control,None,B3,E1,autoclaved ASW (minus 500ul) +500ul fresh Autoclaved ASW,2,0,2,0,no fragmented pieces,NV_FL_G1_C_112117_B3_E1.png,606.7,518.1678493,None,None,Unknown,2
NV_FL_G1_G_111617_C1_E3,11/16/17,52.00,NikonSMZ1500/DSRi1/ 1X by 1Xzoom ratio/0.5cm=5000um,measurement in um,Gentamycin,None,C1,E3,autoclaved ASW,1,0,1,0,,NV_FL_G1_G_111617_C1_E3.png,608.2,None,None,None,Unknown,1
NV_FL_G1_G_111617_C4_E6,11/16/17,52.00,NikonSMZ1500/DSRi1/ 1X by 1Xzoom ratio/0.5cm=5000um,measurement in um,Gentamycin,None,C4,E6,autoclaved ASW,2,0,2,0,,NV_FL_G1_G_111617_C4_E6.png,609.75,83.50931086,None,None,Unknown,2
NV_FL_G1_G_111617_B2_E6,11/16/17,52.00,NikonSMZ1500/DSRi1/ 1X by 1Xzoom ratio/0.5cm=5000um,measurement in um,Gentamycin,None,B2,E6,autoclaved ASW,2,0,2,0,,NV_FL_G1_G_111617_B2_E6.png,609.85,46.59833688,None,None,Unknown,2
NV_FL_G1_C_112917_B3_E1,11/29/17,68.00,NikonSMZ1500/DSRi1/ 1X by 1Xzoom ratio/0.5cm=5000um,measurement in um,Control,None,B3,E1,autoclaved ASW (minus 500ul) +500ul fresh Autoclaved ASW,2,0,2,0,,NV_FL_G1_C_112917_B3_E1.png,613.25,520.0770376,None,None,Unknown,2
NV_FL_G1_R_100917_C3_E5,10/9/17,17.00,NikonSMZ1500/DSRi1/ 1X by 1Xzoom ratio/0.5cm=5000um,measurement in um,Gentamycin_Rescue,50ug/ml,C3,E5,autoclaved ASW,5,0,4,1,one round and underdevoleped with now tentacles,NV_FL_G1_R_100917_C3_E5.png,619.78,303.1457686,None,100917_G_C3_E5,Unknown,4
NV_FL_G1_C_111617_B2_E6,11/16/17,52.00,NikonSMZ1500/DSRi1/ 1X by 1Xzoom ratio/0.5cm=5000um,measurement in um,Control,None,B2,E6,autoclaved ASW (minus 500ul) +500ul fresh Autoclaved ASW,3,0,3,0,,NV_FL_G1_C_111617_B2_E6.png,624.6,35.57091509,None,None,Unknown,3
NV_FL_G1_G_111617_C3_E5,11/16/17,52.00,NikonSMZ1500/DSRi1/ 1X by 1Xzoom ratio/0.5cm=5000um,measurement in um,Gentamycin,None,C3,E5,autoclaved ASW,2,0,2,0,,NV_FL_G1_G_111617_C3_E5.png,625.3,215.2433042,None,None,Unknown,2
NV_FL_G1_G_100917_C3_E5,10/9/17,17.00,NikonSMZ1500/DSRi1/ 1X by 1Xzoom ratio/0.5cm=5000um,measurement in um,Gentamycin,50ug/ml,C3,E5,autoclaved ASW,5,0,5,0,there seem to be newly generated nematostella,NV_FL_G1_G_100917_C3_E5.png,637.92,89.09302442,None,100917_G_C3_E5,Unknown,4
NV_FL_G1_R_111617_A4_E4,11/16/17,52.00,NikonSMZ1500/DSRi1/ 1X by 1Xzoom ratio/0.5cm=5000um,measurement in um,Rescue,None,A4,E4,1.5ml autoclaved ASW+500ul ASW from corresponding control well ID (well to well ID match),1,0,1,0,no fragmented pieces,NV_FL_G1_R_111617_A4_E4.png,640.8,#DIV/0!,None,None,Unknown,1
NV_FL_G1_C_111617_C3_E5,11/16/17,52.00,NikonSMZ1500/DSRi1/ 1X by 1Xzoom ratio/0.5cm=5000um,measurement in um,Control,None,C3,E5,autoclaved ASW (minus 500ul) +500ul fresh Autoclaved ASW,2,0,2,0,,NV_FL_G1_C_111617_C3_E5.png,647.7,483.6610383,None,None,Unknown,2
NV_FL_G1_R_100917_B2_E6,10/9/17,17.00,NikonSMZ1500/DSRi1/ 1X by 1Xzoom ratio/0.5cm=5000um,measurement in um,Gentamycin_Rescue,50ug/ml,B2,E6,autoclaved ASW,5,0,5,0,there seem to be newly generated nematostella,NV_FL_G1_R_100917_B2_E6.png,649.36,107.6822084,None,100917_G_B2_E6,Unknown,4
NV_FL_G1_G_100917_B3_E1,10/9/17,17.00,NikonSMZ1500/DSRi1/ 1X by 1Xzoom ratio/0.5cm=5000um,measurement in um,Gentamycin,50ug/ml,B3,E1,autoclaved ASW,3,0,2,1,the one which measures at 102 .04 um: strange snake like with 3 tentacles. Very thin body and non motile.,NV_FL_G1_G_100917_B3_E1.png,656.875,322.1578017,None,100917_G_B3_E1,Unknown,3
NV_FL_G1_C_112117_B2_E6,11/21/17,59.00,NikonSMZ1500/DSRi1/ 1X by 1Xzoom ratio/0.5cm=5000um,measurement in um,Control,None,B2,E6,autoclaved ASW (minus 500ul) +500ul fresh Autoclaved ASW,3,0,3,0,no fragmented pieces,NV_FL_G1_C_112117_B2_E6.png,660.1666667,46.2441708,None,None,Unknown,3
NV_FL_G1_C_101317_C4_E6,10/13/17,21.00,NikonSMZ1500/DSRi1/ 1X by 1Xzoom ratio/0.5cm=5000um,measurement in um,Control,None,C4,E6,autoclaved ASW,4,0,4,2,Many fragmented tissue. Some pieceslook like well formed early dpf embryos. None are motile.,NV_FL_G1_C_101317_C4_E6.png,660.6,67.62381237,None,101317_C_C4_E6,Unknown,3
NV_FL_G1_C_112917_B2_E6,11/29/17,68.00,NikonSMZ1500/DSRi1/ 1X by 1Xzoom ratio/0.5cm=5000um,measurement in um,Control,None,B2,E6,autoclaved ASW (minus 500ul) +500ul fresh Autoclaved ASW,3,0,2,0,,NV_FL_G1_C_112917_B2_E6.png,662.9333333,33.49049616,None,None,Unknown,3
NV_FL_G1_C_111617_B3_E1,11/16/17,52.00,NikonSMZ1500/DSRi1/ 1X by 1Xzoom ratio/0.5cm=5000um,measurement in um,Control,None,B3,E1,autoclaved ASW (minus 500ul) +500ul fresh Autoclaved ASW,2,0,2,0,,NV_FL_G1_C_111617_B3_E1.png,667.6,517.0364784,None,None,Unknown,2
NV_FL_G1_R_101317_B1_E5,10/13/17,21.00,NikonSMZ1500/DSRi1/ 1X by 1Xzoom ratio/0.5cm=5000um,measurement in um,Gentamycin_Rescue,50ug/ml,B1,E5,autoclaved ASW,3,0,3,1,many fragments,NV_FL_G1_R_101317_B1_E5.png,668.1666667,44.47317544,None,101317_R_B1_E5,Unknown,2
NV_FL_G1_R_101317_A4_E4,10/13/17,21.00,NikonSMZ1500/DSRi1/ 1X by 1Xzoom ratio/0.5cm=5000um,measurement in um,Gentamycin_Rescue,50ug/ml,A4,E4,autoclaved ASW,2,0,2,,,NV_FL_G1_R_101317_A4_E4.png,669.25,365.9277593,None,101317_R_A4_E4,Unknown,1
NV_FL_G1_G_101317_C2_E4,10/13/17,21.00,NikonSMZ1500/DSRi1/ 1X by 1Xzoom ratio/0.5cm=5000um,measurement in um,Gentamycin,50ug/ml,C2,E4,autoclaved ASW,2,0,2,1,fragmented pieces,NV_FL_G1_G_101317_C2_E4.png,675.3,55.86143571,None,101317_G_C2_E4,Unknown,1
NV_FL_G1_R_101317_C3_E5,10/13/17,21.00,NikonSMZ1500/DSRi1/ 1X by 1Xzoom ratio/0.5cm=5000um,measurement in um,Gentamycin_Rescue,50ug/ml,C3,E5,autoclaved ASW,3,0,2,1,,NV_FL_G1_R_101317_C3_E5.png,720.3666667,47.61956881,None,101317_R_C3_E5,Unknown,2
NV_FL_G1_R_101317_C2_E4,10/13/17,21.00,NikonSMZ1500/DSRi1/ 1X by 1Xzoom ratio/0.5cm=5000um,measurement in um,Gentamycin_Rescue,50ug/ml,C2,E4,autoclaved ASW,2,0,2,0,,NV_FL_G1_R_101317_C2_E4.png,723.15,203.1517782,None,101317_R_C2_E4,Unknown,1
NV_FL_G1_G_111617_A4_E4,11/16/17,52.00,NikonSMZ1500/DSRi1/ 1X by 1Xzoom ratio/0.5cm=5000um,measurement in um,Gentamycin,None,A4,E4,autoclaved ASW,1,0,1,0,,NV_FL_G1_G_111617_A4_E4.png,743.9,None,None,None,Unknown,1
NV_FL_G1_C_112117_C4_E6,11/21/17,59.00,NikonSMZ1500/DSRi1/ 1X by 1Xzoom ratio/0.5cm=5000um,measurement in um,Gentamycin,None,C4,E6,autoclaved ASW (minus 500ul) +500ul fresh Autoclaved ASW,3,0,3,0,,NV_FL_G1_C_112117_C4_E6.png,750.3666667,245.9583366,None,None,Unknown,3
NV_FL_G1_G_112117_B2_E6,11/21/17,59.00,NikonSMZ1500/DSRi1/ 1X by 1Xzoom ratio/0.5cm=5000um,measurement in um,Gentamycin,None,B2,E6,autoclaved ASW,1,0,1,0,,NV_FL_G1_G_112117_B2_E6.png,753.6,None,None,None,Unknown,1
NV_FL_G1_C_112917_C4_E6,11/29/17,68.00,NikonSMZ1500/DSRi1/ 1X by 1Xzoom ratio/0.5cm=5000um,measurement in um,Control,None,C4,E6,autoclaved ASW,3,0,3,0,,NV_FL_G1_C_112917_C4_E6.png,756.6666667,248.1135493,None,None,Unknown,3
NV_FL_G1_G_112117_A4_E4,11/21/17,59.00,NikonSMZ1500/DSRi1/ 1X by 1Xzoom ratio/0.5cm=5000um,measurement in um,Gentamycin,None,A4,E4,autoclaved ASW,1,0,1,0,,NV_FL_G1_G_112117_A4_E4.png,763.6,None,None,None,Unknown,1
NV_FL_G1_G_112917_B2_E6,11/29/17,68.00,NikonSMZ1500/DSRi1/ 1X by 1Xzoom ratio/0.5cm=5000um,measurement in um,Gentamycin,None,B2,E6,autoclaved ASW,1,0,1,0,,NV_FL_G1_G_112917_B2_E6.png,767.5,None,None,None,Unknown,1
NV_FL_G1_G_112917_A4_E4,11/29/17,68.00,NikonSMZ1500/DSRi1/ 1X by 1Xzoom ratio/0.5cm=5000um,measurement in um,Gentamycin,None,A4,E4,autoclaved ASW,1,0,1,0,,NV_FL_G1_G_112917_A4_E4.png,779.2,None,None,None,Unknown,1
NV_FL_G1_R_101317_B4_E2,10/13/17,21.00,NikonSMZ1500/DSRi1/ 1X by 1Xzoom ratio/0.5cm=5000um,measurement in um,Gentamycin_Rescue,50ug/ml,B4,E2,autoclaved ASW,2,0,2,0,,NV_FL_G1_R_101317_B4_E2.png,796.15,229.4561505,None,101317_R_B4_E2,Unknown,1